id,assay_short,assay_name,shared url,galaxy_file_xdata_url,galaxy_file_pl_url
49,AP_AMP_1_C30,APOL_AMP_1_C30_NEG,https://dma.galaxy.bham.ac.uk/u/lawsontn/h/apolamp1c30neg-1,https://dma.galaxy.bham.ac.uk/datasets/ecb01b33592b9b90/display?to_ext=rdata.xcms.group,https://dma.galaxy.bham.ac.uk/datasets/279a878f476e81f1/display?to_ext=tabular
50,AP_AMP_1_C30,APOL_AMP_1_C30_POS,https://dma.galaxy.bham.ac.uk/u/lawsontn/h/apolamp1c30pos,https://dma.galaxy.bham.ac.uk/datasets/28cab30f10b2698c/display?to_ext=rdata.xcms.group,https://dma.galaxy.bham.ac.uk/datasets/1fd6d4833ffccbcf/display?to_ext=tabular
51,AP_AMP_2_C30,APOL_AMP_2_C30_NEG,https://dma.galaxy.bham.ac.uk/u/lawsontn/h/apolamp2c30neg,https://dma.galaxy.bham.ac.uk/datasets/5dab72b632edc0d0/display?to_ext=rdata.xcms.group,https://dma.galaxy.bham.ac.uk/datasets/a223998a9b395658/display?to_ext=tabular
52,AP_AMP_2_C30,APOL_AMP_2_C30_POS,https://dma.galaxy.bham.ac.uk/u/lawsontn/h/apolamp2c30pos,https://dma.galaxy.bham.ac.uk/datasets/bdd8aa12dd1defb8/display?to_ext=rdata.xcms.group,https://dma.galaxy.bham.ac.uk/datasets/816d3fb0f29fa000/display?to_ext=tabular
53,AP_AMP_3_C30,APOL_AMP_3_C30_NEG,https://dma.galaxy.bham.ac.uk/u/lawsontn/h/apolamp3c30neg-1,https://dma.galaxy.bham.ac.uk/datasets/5902eb01a0f9c513/display?to_ext=rdata.xcms.group,https://dma.galaxy.bham.ac.uk/datasets/0dc326c401f1dda7/display?to_ext=tabular
54,AP_AMP_3_C30,APOL_AMP_3_C30_POS,https://dma.galaxy.bham.ac.uk/u/lawsontn/h/apolamp3c30pos-1,https://dma.galaxy.bham.ac.uk/datasets/3f9e5626bcc6a8d2/display?to_ext=rdata.xcms.group,https://dma.galaxy.bham.ac.uk/datasets/d7498f7601272613/display?to_ext=tabular
55,AP_AMP_4_C30,APOL_AMP_4_C30_NEG,https://dma.galaxy.bham.ac.uk/u/lawsontn/h/apolamp4c30neg,https://dma.galaxy.bham.ac.uk/datasets/e0cc7807ea2af615/display?to_ext=rdata.xcms.group,https://dma.galaxy.bham.ac.uk/datasets/2ccd97cf9701c0fc/display?to_ext=tabular
56,AP_AMP_4_C30,APOL_AMP_4_C30_POS,https://dma.galaxy.bham.ac.uk/u/lawsontn/h/apolamp4c30pos,https://dma.galaxy.bham.ac.uk/datasets/d258599331d76b0d/display?to_ext=rdata.xcms.group,https://dma.galaxy.bham.ac.uk/datasets/59b29f71ee8500a9/display?to_ext=tabular
57,AP_C18_1_C30,APOL_C18_1_C30_NEG,https://dma.galaxy.bham.ac.uk/u/lawsontn/h/apolc181c30neg,https://dma.galaxy.bham.ac.uk/datasets/033b058c1d34477f/display?to_ext=rdata.xcms.group,https://dma.galaxy.bham.ac.uk/datasets/3f7c4a4c768eca8e/display?to_ext=tabular
58,AP_C18_1_C30,APOL_C18_1_C30_POS,https://dma.galaxy.bham.ac.uk/u/lawsontn/h/apolc181c30pos-1,https://dma.galaxy.bham.ac.uk/datasets/c54e906e26e4caf2/display?to_ext=rdata.xcms.group,https://dma.galaxy.bham.ac.uk/datasets/f1a340ccfe9f52e4/display?to_ext=tabular
59,AP_C18_2_C30,APOL_C18_2_C30_NEG,https://dma.galaxy.bham.ac.uk/u/lawsontn/h/apolc182c30neg,https://dma.galaxy.bham.ac.uk/datasets/77a117776d05feee/display?to_ext=rdata.xcms.group,https://dma.galaxy.bham.ac.uk/datasets/c9b7a5d4f11c33d1/display?to_ext=tabular
60,AP_C18_2_C30,APOL_C18_2_C30_POS,https://dma.galaxy.bham.ac.uk/u/lawsontn/h/apolc182c30pos-1,https://dma.galaxy.bham.ac.uk/datasets/c11cad82efc569b1/display?to_ext=rdata.xcms.group,https://dma.galaxy.bham.ac.uk/datasets/88bfbb777161fdfc/display?to_ext=tabular
61,AP_C18_3_C30,APOL_C18_3_C30_NEG,https://dma.galaxy.bham.ac.uk/u/lawsontn/h/apolc183c30neg,https://dma.galaxy.bham.ac.uk/datasets/4bb845737f4bf595/display?to_ext=rdata.xcms.group,https://dma.galaxy.bham.ac.uk/datasets/692d005e4fd39660/display?to_ext=tabular
62,AP_C18_3_C30,APOL_C18_3_C30_POS,https://dma.galaxy.bham.ac.uk/u/lawsontn/h/apolc183c30pos-1,https://dma.galaxy.bham.ac.uk/datasets/c5dc625ce7aea088/display?to_ext=rdata.xcms.group,https://dma.galaxy.bham.ac.uk/datasets/e7a8384ceab235d9/display?to_ext=tabular
63,AP_CRUDE_0_C30,APOL_NA_NA_C30_NEG,https://dma.galaxy.bham.ac.uk/u/lawsontn/h/apolnanac30neg,https://dma.galaxy.bham.ac.uk/datasets/ad36892370f612da/display?to_ext=rdata.xcms.group,https://dma.galaxy.bham.ac.uk/datasets/33bd9d632655a533/display?to_ext=tabular
64,AP_CRUDE_0_C30,APOL_NA_NA_C30_POS,https://dma.galaxy.bham.ac.uk/u/lawsontn/h/apolnanac30pos,https://dma.galaxy.bham.ac.uk/datasets/9d92d8f847f432c7/display?to_ext=rdata.xcms.group,https://dma.galaxy.bham.ac.uk/datasets/2a63111a84da2bc9/display?to_ext=tabular
65,P_CRUDE_0_AMD,POL_NA_NA_AMD_NEG,https://dma.galaxy.bham.ac.uk/u/lawsontn/h/polnanaamdneg,https://dma.galaxy.bham.ac.uk/datasets/72db0187784dc948/display?to_ext=rdata.xcms.group,https://dma.galaxy.bham.ac.uk/datasets/b20d96f38481adc7/display?to_ext=tabular
66,P_CRUDE_0_AMD,POL_NA_NA_AMD_POS,https://dma.galaxy.bham.ac.uk/u/lawsontn/h/polnanaamdpos,https://dma.galaxy.bham.ac.uk/datasets/171aabc2d41e3112/display?to_ext=rdata.xcms.group,https://dma.galaxy.bham.ac.uk/datasets/9cfed1e24b7913cb/display?to_ext=tabular
67,P_CRUDE_0_PHE,POL_NA_NA_PHE_NEG,https://dma.galaxy.bham.ac.uk/u/lawsontn/h/polnanapheneg,https://dma.galaxy.bham.ac.uk/datasets/10b7e34d87a4734f/display?to_ext=rdata.xcms.group,https://dma.galaxy.bham.ac.uk/datasets/5790aac82ec85320/display?to_ext=tabular
68,P_CRUDE_0_PHE,POL_NA_NA_PHE_POS,https://dma.galaxy.bham.ac.uk/u/lawsontn/h/polnanaphepos,https://dma.galaxy.bham.ac.uk/datasets/8cc2e2f1d24a20ef/display?to_ext=rdata.xcms.group,https://dma.galaxy.bham.ac.uk/datasets/144960be5ae82890/display?to_ext=tabular
69,P_WAX_1_AMD,POL_WAX_1_AMD_NEG,https://dma.galaxy.bham.ac.uk/u/lawsontn/h/polwax1amdneg,https://dma.galaxy.bham.ac.uk/datasets/cb01515aae141835/display?to_ext=rdata.xcms.group,https://dma.galaxy.bham.ac.uk/datasets/21d77e27ef844012/display?to_ext=tabular
70,P_WAX_1_AMD,POL_WAX_1_AMD_POS,https://dma.galaxy.bham.ac.uk/u/lawsontn/h/polwax1amdpos,https://dma.galaxy.bham.ac.uk/datasets/33b29be2561dff2b/display?to_ext=rdata.xcms.group,https://dma.galaxy.bham.ac.uk/datasets/b4c409c06c562bec/display?to_ext=tabular
71,P_WAX_1_PHE,POL_WAX_1_PHE_NEG,https://dma.galaxy.bham.ac.uk/u/lawsontn/h/polwax1pheneg-1,https://dma.galaxy.bham.ac.uk/datasets/d27324d5c7a02f23/display?to_ext=rdata.xcms.group,https://dma.galaxy.bham.ac.uk/datasets/51c9bc7f4cb74b3f/display?to_ext=tabular
72,P_WAX_1_PHE,POL_WAX_1_PHE_POS,https://dma.galaxy.bham.ac.uk/u/lawsontn/h/polwax1phepos-1,https://dma.galaxy.bham.ac.uk/datasets/d9c0cfe6d946acef/display?to_ext=rdata.xcms.group,https://dma.galaxy.bham.ac.uk/datasets/bfbd143c9c4553f2/display?to_ext=tabular
73,P_WAX_2_AMD,POL_WAX_2_AMD_NEG,https://dma.galaxy.bham.ac.uk/u/lawsontn/h/polwax2amdneg,https://dma.galaxy.bham.ac.uk/datasets/5d7d8e25a8df822c/display?to_ext=rdata.xcms.group,https://dma.galaxy.bham.ac.uk/datasets/5cdb10e90571eab7/display?to_ext=tabular
74,P_WAX_2_AMD_REPEAT,POL_WAX_2_AMD_REPEAT_NEG,https://dma.galaxy.bham.ac.uk/u/lawsontn/h/polwax2amdrepeatneg,https://dma.galaxy.bham.ac.uk/datasets/2cd2f63228afc0cd/display?to_ext=rdata.xcms.group,https://dma.galaxy.bham.ac.uk/datasets/fe4b26e81a876985/display?to_ext=tabular
75,P_WAX_2_AMD,POL_WAX_2_AMD_POS,https://dma.galaxy.bham.ac.uk/u/lawsontn/h/polwax2amdpos,https://dma.galaxy.bham.ac.uk/datasets/903a788a0e7aa006/display?to_ext=rdata.xcms.group,https://dma.galaxy.bham.ac.uk/datasets/90bcd9c2e9ccdf7e/display?to_ext=tabular
76,P_WAX_2_AMD_REPEAT,POL_WAX_2_AMD_REPEAT_POS,https://dma.galaxy.bham.ac.uk/u/lawsontn/h/polwax2amdrepeatpos,https://dma.galaxy.bham.ac.uk/datasets/a0f29015f7c90d16/display?to_ext=rdata.xcms.group,https://dma.galaxy.bham.ac.uk/datasets/7d2fddb66c626704/display?to_ext=tabular
77,P_WAX_2_PHE,POL_WAX_2_PHE_NEG,https://dma.galaxy.bham.ac.uk/u/lawsontn/h/polwax2pheneg-1,https://dma.galaxy.bham.ac.uk/datasets/2aa4f451103daeab/display?to_ext=rdata.xcms.group,https://dma.galaxy.bham.ac.uk/datasets/d1207a6fb80e52f2/display?to_ext=tabular
78,P_WAX_2_PHE,POL_WAX_2_PHE_POS,https://dma.galaxy.bham.ac.uk/u/lawsontn/h/polwax2phepos-1,https://dma.galaxy.bham.ac.uk/datasets/d974ea2145d6fd63/display?to_ext=rdata.xcms.group,https://dma.galaxy.bham.ac.uk/datasets/6c393505441570a9/display?to_ext=tabular
79,P_WAX_3_AMD,POL_WAX_3_AMD_NEG,https://dma.galaxy.bham.ac.uk/u/lawsontn/h/polwax3amdneg,https://dma.galaxy.bham.ac.uk/datasets/e5fdaa6c03e846f0/display?to_ext=rdata.xcms.group,https://dma.galaxy.bham.ac.uk/datasets/a04b1d1d616c03c9/display?to_ext=tabular
80,P_WAX_3_AMD_REPEAT,POL_WAX_3_AMD_REPEAT_NEG,https://dma.galaxy.bham.ac.uk/u/lawsontn/h/polwax3amdrepeatneg,https://dma.galaxy.bham.ac.uk/datasets/50691f6107718b18/display?to_ext=rdata.xcms.group,https://dma.galaxy.bham.ac.uk/datasets/58d34007c7a6abb3/display?to_ext=tabular
81,P_WAX_3_AMD,POL_WAX_3_AMD_POS,https://dma.galaxy.bham.ac.uk/u/lawsontn/h/polwax3amdpos,https://dma.galaxy.bham.ac.uk/datasets/65d2d56c150027fb/display?to_ext=rdata.xcms.group,https://dma.galaxy.bham.ac.uk/datasets/401982284f914204/display?to_ext=tabular
82,P_WAX_3_AMD_REPEAT,POL_WAX_3_AMD_REPEAT_POS,https://dma.galaxy.bham.ac.uk/u/lawsontn/h/polwax3amdrepeatpos,https://dma.galaxy.bham.ac.uk/datasets/8a00e93f89f0613f/display?to_ext=rdata.xcms.group,https://dma.galaxy.bham.ac.uk/datasets/6e4b1a9c402ff261/display?to_ext=tabular
83,P_WAX_3_PHE,POL_WAX_3_PHE_NEG,https://dma.galaxy.bham.ac.uk/u/lawsontn/h/polwax3pheneg-1,https://dma.galaxy.bham.ac.uk/datasets/115b93e6b1328ccd/display?to_ext=rdata.xcms.group,https://dma.galaxy.bham.ac.uk/datasets/4339b57e7dcaa44b/display?to_ext=tabular
84,P_WAX_3_PHE,POL_WAX_3_PHE_POS,https://dma.galaxy.bham.ac.uk/u/lawsontn/h/polwax3phepos-1,https://dma.galaxy.bham.ac.uk/datasets/70029635b092d1a8/display?to_ext=rdata.xcms.group,https://dma.galaxy.bham.ac.uk/datasets/d4263b91215bee8a/display?to_ext=tabular
85,P_WAX_4_AMD,POL_WAX_4_AMD_NEG,https://dma.galaxy.bham.ac.uk/u/lawsontn/h/polwax4amdneg,https://dma.galaxy.bham.ac.uk/datasets/542b3605c978cc85/display?to_ext=rdata.xcms.group,https://dma.galaxy.bham.ac.uk/datasets/f472b22b3b74ad2b/display?to_ext=tabular
86,P_WAX_4_AMD_REPEAT,POL_WAX_4_AMD_REPEAT_NEG,https://dma.galaxy.bham.ac.uk/u/lawsontn/h/polwax4amdrepeatneg,https://dma.galaxy.bham.ac.uk/datasets/58ab3fc0e736f6ab/display?to_ext=rdata.xcms.group,https://dma.galaxy.bham.ac.uk/datasets/a30bbe92f29862b7/display?to_ext=tabular
87,P_WAX_4_AMD,POL_WAX_4_AMD_POS,https://dma.galaxy.bham.ac.uk/u/lawsontn/h/polwax4amdpos,https://dma.galaxy.bham.ac.uk/datasets/19a0c2887878dd6b/display?to_ext=rdata.xcms.group,https://dma.galaxy.bham.ac.uk/datasets/4d07d48d8c6af9da/display?to_ext=tabular
88,P_WAX_4_AMD_REPEAT,POL_WAX_4_AMD_REPEAT_POS,https://dma.galaxy.bham.ac.uk/u/lawsontn/h/polwax4amdrepeatpos,https://dma.galaxy.bham.ac.uk/datasets/e2187c02ab5b6490/display?to_ext=rdata.xcms.group,https://dma.galaxy.bham.ac.uk/datasets/a0d2e8b1e69b33bd/display?to_ext=tabular
89,P_WAX_4_PHE,POL_WAX_4_PHE_NEG,https://dma.galaxy.bham.ac.uk/u/lawsontn/h/polwax4pheneg-1,https://dma.galaxy.bham.ac.uk/datasets/a65501a288d0904d/display?to_ext=rdata.xcms.group,https://dma.galaxy.bham.ac.uk/datasets/a0564829b8c84cd9/display?to_ext=tabular
90,P_WAX_4_PHE,POL_WAX_4_PHE_POS,https://dma.galaxy.bham.ac.uk/u/lawsontn/h/polwax4phepos,https://dma.galaxy.bham.ac.uk/datasets/6daf7b7e7dc10238/display?to_ext=rdata.xcms.group,https://dma.galaxy.bham.ac.uk/datasets/982f8d740dbf966b/display?to_ext=tabular
91,P_WCX_1_AMD,POL_WCX_1_AMD_NEG,https://dma.galaxy.bham.ac.uk/u/lawsontn/h/polwcx1amdneg,https://dma.galaxy.bham.ac.uk/datasets/49797bde05017f99/display?to_ext=rdata.xcms.group,https://dma.galaxy.bham.ac.uk/datasets/89d7aa5522134f26/display?to_ext=tabular
92,P_WCX_1_AMD,POL_WCX_1_AMD_POS,https://dma.galaxy.bham.ac.uk/u/lawsontn/h/polwcx1amdpos,https://dma.galaxy.bham.ac.uk/datasets/27d7c48399f4c659/display?to_ext=rdata.xcms.group,https://dma.galaxy.bham.ac.uk/datasets/161aa329886a2d5c/display?to_ext=tabular
93,P_WCX_1_PHE,POL_WCX_1_PHE_NEG,https://dma.galaxy.bham.ac.uk/u/lawsontn/h/polwcx1pheneg-1,https://dma.galaxy.bham.ac.uk/datasets/12e691c23c65533a/display?to_ext=rdata.xcms.group,https://dma.galaxy.bham.ac.uk/datasets/23fb37fc991dc74c/display?to_ext=tabular
94,P_WCX_1_PHE,POL_WCX_1_PHE_POS,https://dma.galaxy.bham.ac.uk/u/lawsontn/h/polwcx1phepos,https://dma.galaxy.bham.ac.uk/datasets/8b2ecdad24e3a125/display?to_ext=rdata.xcms.group,https://dma.galaxy.bham.ac.uk/datasets/54fdbe5deb9c780e/display?to_ext=tabular
95,P_WCX_2_AMD,POL_WCX_2_AMD_NEG,https://dma.galaxy.bham.ac.uk/u/lawsontn/h/polwcx2amdneg,https://dma.galaxy.bham.ac.uk/datasets/c0896a08ec6a797a/display?to_ext=rdata.xcms.group,https://dma.galaxy.bham.ac.uk/datasets/c2f2b4af276b49f5/display?to_ext=tabular
96,P_WCX_2_AMD,POL_WCX_2_AMD_POS,https://dma.galaxy.bham.ac.uk/u/lawsontn/h/polwcx2amdpos,https://dma.galaxy.bham.ac.uk/datasets/6a9f9401a8550a89/display?to_ext=rdata.xcms.group,https://dma.galaxy.bham.ac.uk/datasets/9a0fc5a14ca58952/display?to_ext=tabular
97,P_WCX_2_PHE,POL_WCX_2_PHE_NEG,https://dma.galaxy.bham.ac.uk/u/lawsontn/h/polwcx2pheneg-1,https://dma.galaxy.bham.ac.uk/datasets/cb8b71427c4489f2/display?to_ext=rdata.xcms.group,https://dma.galaxy.bham.ac.uk/datasets/707e901968f0f77e/display?to_ext=tabular
98,P_WCX_2_PHE,POL_WCX_2_PHE_POS,https://dma.galaxy.bham.ac.uk/u/lawsontn/h/polwcx2phepos,https://dma.galaxy.bham.ac.uk/datasets/deb0ece4a15b33c9/display?to_ext=rdata.xcms.group,https://dma.galaxy.bham.ac.uk/datasets/bae25aaff5edae0c/display?to_ext=tabular
99,P_WCX_3_AMD,POL_WCX_3_AMD_NEG,https://dma.galaxy.bham.ac.uk/u/lawsontn/h/polwcx3amdneg,https://dma.galaxy.bham.ac.uk/datasets/69fdbc54e0416e1a/display?to_ext=rdata.xcms.group,https://dma.galaxy.bham.ac.uk/datasets/f86009b0b2b3713e/display?to_ext=tabular
100,P_WCX_3_AMD,POL_WCX_3_AMD_POS,https://dma.galaxy.bham.ac.uk/u/lawsontn/h/polwcx3amdpos,https://dma.galaxy.bham.ac.uk/datasets/c0a5dc388ae20bd4/display?to_ext=rdata.xcms.group,https://dma.galaxy.bham.ac.uk/datasets/71fff3298a5293b9/display?to_ext=tabular
101,P_WCX_3_PHE,POL_WCX_3_PHE_NEG,https://dma.galaxy.bham.ac.uk/u/lawsontn/h/polwcx3pheneg,https://dma.galaxy.bham.ac.uk/datasets/d775d1435f629fea/display?to_ext=rdata.xcms.group,https://dma.galaxy.bham.ac.uk/datasets/a0a8bfc33132c6ba/display?to_ext=tabular
102,P_WCX_3_PHE,POL_WCX_3_PHE_POS,https://dma.galaxy.bham.ac.uk/u/lawsontn/h/polwcx3phepos,https://dma.galaxy.bham.ac.uk/datasets/d131174da1b37a8e/display?to_ext=rdata.xcms.group,https://dma.galaxy.bham.ac.uk/datasets/a81b53537a34ae95/display?to_ext=tabular
103,P_WCX_4_AMD,POL_WCX_4_AMD_NEG,https://dma.galaxy.bham.ac.uk/u/lawsontn/h/polwcx4amdneg,https://dma.galaxy.bham.ac.uk/datasets/ab92d4d613b389da/display?to_ext=rdata.xcms.group,https://dma.galaxy.bham.ac.uk/datasets/15d91f40f86d25a0/display?to_ext=tabular
104,P_WCX_4_AMD_REPEAT,POL_WCX_4_AMD_REPEAT_NEG,https://dma.galaxy.bham.ac.uk/u/lawsontn/h/polwcx4amdrepeatneg-1,https://dma.galaxy.bham.ac.uk/datasets/250968dbdd423665/display?to_ext=rdata.xcms.group,https://dma.galaxy.bham.ac.uk/datasets/e845605941911582/display?to_ext=tabular
105,P_WCX_4_AMD,POL_WCX_4_AMD_POS,https://dma.galaxy.bham.ac.uk/u/lawsontn/h/polwcx4amdpos,https://dma.galaxy.bham.ac.uk/datasets/f17b287b44094014/display?to_ext=rdata.xcms.group,https://dma.galaxy.bham.ac.uk/datasets/128600d4723c62ee/display?to_ext=tabular
106,P_WCX_4_AMD_REPEAT,POL_WCX_4_AMD_REPEAT_POS,https://dma.galaxy.bham.ac.uk/u/lawsontn/h/polwcx4amdrepeatpos,https://dma.galaxy.bham.ac.uk/datasets/5b071a5c145c23c2/display?to_ext=rdata.xcms.group,https://dma.galaxy.bham.ac.uk/datasets/1ee4b6f00a802315/display?to_ext=tabular
107,P_WCX_4_PHE,POL_WCX_4_PHE_NEG,https://dma.galaxy.bham.ac.uk/u/lawsontn/h/polwcx4pheneg,https://dma.galaxy.bham.ac.uk/datasets/3862f755ca8a3991/display?to_ext=rdata.xcms.group,https://dma.galaxy.bham.ac.uk/datasets/d2c9cb1748b31b9d/display?to_ext=tabular
108,P_WCX_4_PHE,POL_WCX_4_PHE_POS,https://dma.galaxy.bham.ac.uk/u/lawsontn/h/polwcx4phepos,https://dma.galaxy.bham.ac.uk/datasets/93cee79aac4480f8/display?to_ext=rdata.xcms.group,https://dma.galaxy.bham.ac.uk/datasets/62b83177b79f1b7e/display?to_ext=tabular
