peakID,mz,rt,maxMeanIntensity,RSD,bestScore,bestAdduct
1,104.033927326,859.83852,18758075.425,3.76537798186,10,
2,107.048911638,211.690077,3005942.1063,10.1870360216,10,
178,205.989020025,689.87217,2608140.83485,6.75856001957,1.0,[M-H]-
4,111.018725489,113.81484,44432452.0104,4.89495924708,10,
5,112.984190528,67.483071,36031893.8729,6.21415495685,10,
6,112.984221706,82.593144,18457239.6971,8.52666665987,10,
7,114.023126833,517.608246,1600312.45792,11.1295903787,10,
171,203.082089944,446.954136,1355452716.94,3.5176025,1.0,[M-H]-
9,116.070387912,590.856339,1139306566.81,3.70049261817,10,
27,132.029049604,861.08658,76055077.3552,3.42191895689,2.0,[M+Cl]-
11,118.94076146,778.22244,10297210.0923,6.15198746622,10,
12,119.033681686,565.096818,46192938.3664,7.42628918167,10,
13,119.048914745,560.978493,39564589.1364,3.65142523276,10,
143,192.052206773,123.163242,2375580.29511,11.1240033666,2.0,[M+Cl]-
15,122.02349563,323.109327,143140516.905,7.46090361178,10,
16,124.006117469,577.862709,27547871.284,9.11547826518,10,
18,127.050079695,742.64226,59461136.2682,6.11923342498,10,
19,129.054570198,102.243906,280559988.502,6.46950793052,10,
20,129.065801706,117.312975,16481495.7239,3.06016961795,1.0,[M-H]-
203,215.128676402,103.075866,6402936.37754,10.5342571676,1.0,[M-H]-
101,173.10352179,1303.60761,1520946450.59,6.87306587109,1.0,[M-H]-
28,133.990561112,99.732708,128624385.631,2.96365054878,10,
29,134.04611618,150.992301,70274039.6571,9.58494887127,1.0,[M-H]-
881,356.104280805,105.932358,68469847.8774,4.69356748202,1.0,[M+H3CCOOH]-
31,134.046019153,172.130514,51507637.8981,4.75218173243,10,
34,136.990258148,101.514609,74696890.4146,3.29515543926,10,
35,140.974823738,230.102256,18171562.5437,7.49986944496,10,
36,141.015860029,680.09976,148125102.604,3.43568722183,10,
37,141.015824284,1575.31131,90811523.3653,4.15421406965,10,
38,141.015834078,1698.31752,69265819.4615,4.67668008938,10,
39,141.015803267,1745.21997,49996351.0065,7.43258206034,10,
40,141.0157597,818.81808,19540560705.8,6.35411226358,10,
41,141.015820335,1643.71047,122757331.945,11.8748159625,10,
42,141.091021219,102.243906,15191883.7225,12.3982752712,10,
43,141.866971976,43.948305,3066041.92763,5.04293527481,10,
127,186.112969085,241.986591,90886009.0352,8.64367399634,1.0,[M-H]-
46,142.971905696,229.837593,18559338.8193,8.00429853397,10,
47,143.106666167,101.772027,473380339.6,6.97582519527,10,
332,249.124468493,83.587083,10130108.3733,9.4705255303,2.0,[M+Cl]-
49,143.117851048,593.757411,15570485.3666,6.06298364809,10,
50,143.117857315,532.854066,6526903.76661,7.5296612293,10,
51,144.86856551,291.645132,117817519.977,14.6441591283,10,
52,145.097144708,1391.31774,1679374611.92,8.52362344826,10,
53,146.044770045,573.426714,40874545.6151,7.22755954301,10,
212,218.103091774,530.170116,719268449.384,11.7254836849,1.0,[M-H]-
55,146.964932481,953.04489,46206321.6098,4.37740949565,10,
56,146.964910897,1226.64714,3006619.14734,10.8977945598,10,
57,146.964887592,1479.47826,4969530.57573,12.8495036868,10,
58,147.04406725,460.302954,93973297.2196,13.6820839948,1.0,[M-H]-
59,147.066556988,836.74476,80786376.2216,7.67059298031,10,
60,149.093099018,101.148594,906129.009557,7.24201459272,10,
747,325.166964125,101.93097,5303681.97307,13.4559082485,1.0,[M-H]-
503,283.068756498,572.788956,736793266.622,5.14340695488,1.0,[M-H]-
63,152.994868475,639.80853,3120958.50584,10.1914370912,10,
64,152.994671879,787.47132,4351777.53602,7.67004936833,10,
65,154.016954646,573.368274,1071717.14734,8.39805717519,10,
659,307.102751962,974.28306,162217492.524,7.58293340267,2.0,[M+Cl]-
67,154.848441213,116.226708,2458619.4568,3.19150526114,2.0,[M+Cl]-
68,155.000754771,1609.65054,47784942.6526,6.49495159055,10,
70,156.989895689,1587.29742,22576068.6353,10.1612690725,10,
71,156.989913213,1698.65097,23016413.4527,9.23531904473,10,
72,156.989892953,1758.81723,15180573.5842,7.17305885599,10,
73,156.989901483,958.53243,68108011.8559,11.273354687,10,
74,156.989918651,682.41831,1030746183.68,12.7389108999,1.0,[M-H]-
75,156.989835547,1402.27929,15237589.9682,8.80466500644,10,
76,156.989852062,1058.77206,38862184.8954,12.0708546967,10,
78,157.122431471,100.992096,296740608.097,3.74938990882,10,
79,157.133607267,550.646499,19381220.8362,2.67844655923,10,
80,158.039138555,219.600138,2855142.12638,9.65663229058,10,
377,257.054779325,697.62906,10566429.1284,6.18375872053,1.0,[M-H]-
83,159.129313711,101.406828,782004.085744,10.4699885945,10,
305,245.022423053,664.14504,2863121.51943,4.30205940417,1.0,[M-H]-
85,161.096258064,102.763347,947806.435378,9.27605207112,10,
86,162.076244524,609.21555,3227308.64698,8.37477829831,2.0,[M+Cl]-
87,162.938966009,90.161091,22091982.5455,14.6447047387,1.0,[M-H]-
88,164.946542935,778.53705,5623884.40702,8.34199055844,10,
89,165.07737317,141.461805,16356380.9949,2.47826712705,1.0,[M-H]-
90,166.021786253,100.570476,5972739.04314,13.5702877704,10,
91,167.020058504,599.564715,1269002.83966,6.25094984915,10,
92,167.070487515,102.345186,7368881.09073,5.40823274072,10,
93,169.047169585,106.840347,526429.792061,10.5841163311,10,
95,171.022654961,133.92951,2526234.31292,12.5202465525,10,
574,295.228128005,100.992096,141508661.561,6.42830093833,1.0,[M-H]-
765,330.131249919,596.335719,6587920.47275,9.36388653683,1.0,[M-H]-
98,173.092339101,595.207527,84585722.9301,5.5463567036,1.0,[M-H]-
562,293.114875001,642.76266,32970170.8998,5.12945418985,2.0,[M+Cl]-
100,173.09235916,561.51471,51417695.3058,1.85187646131,10,
102,173.103516335,1403.55882,327003586.946,7.07101288034,10,
103,173.117585078,151.479486,74408279.2957,4.92229930103,10,
105,175.046446076,663.55857,1141593.0681,7.24669686356,1.0,[M-H]-
106,178.072752867,141.509616,1437158.20488,7.54883470334,10,
107,178.962362898,777.90762,98519550.4056,5.51469051319,10,
273,239.07725343,732.95553,42911960.551,6.18916491925,1.0,[M+H3CCOOH]-
109,179.055398063,571.144689,177564654.779,4.08484956391,10,
110,180.06581429,560.549244,2154834320.25,9.85111463775,10,
597,300.135963248,55.6018056,5462229.94106,10.2268837018,2.0,[M+Cl]-
112,180.826355594,116.117223,3772015.28126,2.19793729357,10,
227,225.099060533,973.96695,9773099077.58,5.94398976992,1.0,[M-H]-
115,182.05633931,619.66941,17724141.6469,11.3795364667,10,
117,182.824342224,116.267406,7575041.5419,2.80977890216,10,
119,184.058325946,586.057062,8438187.1424,14.3523087794,10,
121,185.021268053,572.411325,10259333.1059,6.35861785283,10,
122,185.136282636,105.399645,905479.638679,14.4632003786,10,
239,229.155534041,467.521581,1060675746.7,10.4781038548,1.0,[M-H]-
124,185.154040199,100.150452,35904702.9943,4.64740825368,10,
508,283.994851878,698.71977,99519678.2811,5.3750970497,1.0,[M-H]-
164,200.944550237,778.22244,286380568.85,5.03813495938,1.0,[M-H]-
130,187.108088484,593.757411,188663984.411,5.93577348736,10,
134,188.111400415,593.757411,16297414.1165,6.39009767166,10,
333,249.124673254,101.772027,51762746.971,4.63293881897,1.0,[M-H]-
136,188.950937809,103.023723,2924777.43699,6.88779836485,10,
137,189.04527381,521.256552,1158018.59526,9.59826785981,10,
138,189.087454814,635.21865,16351559.2262,4.70632929632,10,
139,189.087447911,684.36432,65541435.5059,3.09030131158,10,
141,190.947994655,102.923478,1824604.82716,7.76199102816,10,
142,191.066684972,701.05539,31079446.0806,5.75898041113,10,
144,192.114940122,102.553773,1476275.24618,6.16357009186,10,
147,194.905356051,1706.59332,6565755.41527,9.89951663436,10,
148,194.905301758,1899.6972,6477624.09162,11.2749423294,10,
149,194.905297766,1284.58554,16755356.3837,9.11957456339,10,
150,195.975545545,278.269497,85960318.3522,5.12395196801,10,
151,195.975665486,229.90368,17330611.1105,5.7403985217,10,
152,196.058466221,659.48751,11376178.8768,6.35343558788,10,
153,198.016925921,656.56923,19988794.8287,8.92478576358,10,
154,199.06945655,690.03387,7462668.98561,11.9414116743,10,
157,199.169764083,75.630342,34864220.7756,5.39519647951,10,
158,200.053548606,832.52337,27141283.9118,3.18565844138,10,
449,274.104803173,802.08156,32085462.4909,8.37333214135,1.0,[M-H]-
160,200.05593764,177.780207,45411743.357,8.08603932411,1.0,[M-H]-
161,200.128770429,189.094707,16473695.5192,9.57650376718,10,
301,244.130320632,593.596782,211429650.855,2.36335819155,1.0,[M-H]-
163,200.904220186,91.458348,1392923.55624,14.8930927489,10,
166,201.098782349,725.77182,8643981.53581,10.636944936,10,
167,201.123955913,540.832131,111035471.997,3.1729135811,10,
862,350.237837948,109.424844,5486903.22793,9.95979522037,1.0,[M-H]-
172,203.103201756,595.529913,172798908.598,2.52068874779,10,
318,247.112363672,497.395857,57721658.0367,5.45376672462,1.0,[M-H]-
175,204.123767491,104.974098,9687270.98164,7.36151712369,10,
176,205.082598628,664.20924,83989118.9948,2.22602348437,2.0,[M+Cl]-
179,206.048948065,587.28222,927515.213602,5.16214447171,10,
563,293.151289513,435.171378,64607936.2498,10.0719892076,1.0,[M-H]-
182,207.175002606,102.657954,504220.993798,10.3225914032,10,
184,208.934307288,854.95749,8266752.81137,9.12261536177,10,
185,208.934309362,878.81961,71501692.4346,2.00864292916,10,
186,208.934223381,1674.21498,35696961.6547,13.1517219615,10,
187,208.934312725,1707.25734,52085441.5078,13.0491695161,10,
188,209.066226063,556.856187,23645471.6731,6.99774623089,10,
190,210.931050464,879.18009,34727707.1923,3.90835337861,10,
191,210.931212298,963.40983,34036803.4193,11.5382208906,10,
192,210.931242915,1317.36036,17290218.2596,10.7575224831,10,
193,210.93128207,1690.27332,19306140.0942,8.11187421739,10,
194,211.11974162,487.71591,1613957.61709,10.6638303698,10,
195,212.032767783,660.80547,105424385.78,14.4158925911,10,
1166,443.10541084,102.710211,54005249.4278,3.5798822135,2.0,[M+Cl]-
197,213.185673742,99.575586,35358038.9474,6.15368739241,10,
198,214.069356373,828.29076,2807034.35635,14.0073103611,10,
199,214.065238172,563.705931,9936162.99432,2.24310993604,10,
200,215.032446727,571.622634,256357591.361,2.97247572958,10,
201,215.051496182,787.65636,23951541.6681,3.69858369188,10,
202,215.067016694,607.63716,5464481.89298,2.98609264428,10,
204,216.135089422,1198.008,51616625.9727,10.7556738982,10,
205,217.002797021,416.787744,811022917.519,11.8259212673,10,
206,217.002878819,203.960154,647610553.276,14.7732200492,10,
207,217.002845425,160.197894,432112600.595,12.7649410888,10,
208,217.002787641,328.848834,80566811.2617,13.5436752731,10,
209,217.01173872,519.615174,21986021.7878,2.98292335482,10,
210,217.029459627,571.447524,83042955.9944,3.32400174976,10,
798,336.12267272,110.559528,2004223.98195,13.624617261,1.0,[M-H]-
213,218.895942417,116.308104,2842665.96046,3.21442854262,10,
215,219.061949172,620.64036,425019.374721,2.92390932175,10,
216,219.080510499,564.56574,22687096.0321,10.5957017584,10,
218,220.118737019,815.08734,9974238.52528,5.46155470025,10,
219,220.146628861,102.5571,12373162.7926,5.0396788869,10,
220,221.092831394,539.216319,56791314.81,3.61813750541,10,
687,311.223257774,102.243906,68951559.1507,7.66386092742,1.0,[M-H]-
1069,409.203767337,103.710423,562767.178714,12.4581070314,2.0,[M+Cl]-
223,223.119882285,369.14697,15722973.9091,8.60705173395,10,
224,224.02299792,817.40796,331094365.317,7.15105621312,10,
225,225.043567174,834.77649,5011058.15975,14.4409579161,10,
228,225.099236726,885.57603,41718971.1149,4.35163550286,10,
230,226.083204985,647.51961,3282784.6192,9.14731857001,10,
231,227.067321684,127.169538,42344546.1317,7.55010213827,1.0,[M-H]-
232,227.139917747,591.824346,73306204.6936,2.11098976066,10,
233,227.201498789,99.105267,202744307.72,4.23833285461,10,
234,228.045695992,166.398252,24034027.7993,6.3681180235,10,
236,228.160513722,134.14641,22984641.6389,13.5191222084,10,
240,229.155688598,367.350294,73996186.5495,10.8783326067,10,
1022,396.243110103,103.499718,3414396.7254,6.20466401547,2.0,[M+Cl]-
242,230.114540114,634.73049,28948664.6247,3.92579468138,10,
884,357.119039471,692.13672,3632650.24556,10.8791164361,2.0,[M+Cl]-
244,230.114443341,569.268267,30709533.3128,2.35543030781,10,
733,322.108308384,600.049014,10706963.6083,6.89208103416,1.0,[M-H]-
246,230.114572795,659.58264,6525516.29011,3.31814123184,10,
250,232.093795357,718.19205,49480925.2597,6.44744761425,10,
251,232.130247816,1026.31992,53880013.311,11.4614546372,10,
410,263.097673355,836.74476,244250404.083,7.59033298368,1.0,[M-H]-
532,287.136567189,618.85581,34889789.5013,4.47956772559,1.0,[M-H]-
474,279.135314474,459.021198,21175291.3452,12.5875794444,1.0,[M-H]-
1001,389.14742579,502.253544,3255839.44717,3.18396400128,2.0,[M+Cl]-
256,235.953704311,854.59329,3056589.66873,13.6168090505,10,
257,235.953530345,1675.68825,23155545.346,14.8019855299,10,
258,235.953621311,2011.16439,2993452.54044,14.923553593,10,
259,235.95360216,1972.20435,2893302.05898,14.6664699788,10,
260,236.059764919,568.569642,1095063.48816,8.36950061933,10,
262,236.105317713,102.142626,57746317.2732,13.418285415,10,
263,236.588285485,103.184784,1451619.07691,9.06305154712,10,
264,237.088032826,607.63716,19060816.0783,4.8859415208,10,
267,237.596104171,103.499718,4544728.35836,14.4565493364,10,
268,238.093216266,584.735328,5990097.63177,4.01517534014,10,
270,238.153064914,104.549568,2027111.90352,11.6342566792,10,
272,239.067157645,55.1841309,8020077.09254,8.47066647704,10,
275,239.10137463,964.79214,123830.870412,13.5972580322,10,
278,241.01192249,728.81886,4031945.12959,4.7816330844,10,
279,241.011969285,633.43698,10238732.7323,5.11469909191,10,
670,309.102002708,100.890996,150073025.839,7.57305929249,1.0,[M-H]-
494,281.248653366,74.226333,949924725.72,2.69636005461,1.0,[M-H]-
925,366.273575016,100.992096,7207560.52377,12.7170069427,2.0,[M+Cl]-
283,241.996409284,99.578463,12072939.3088,9.32472244695,10,
284,242.051744311,571.61484,86215210.5856,7.26913207122,10,
285,242.079925722,860.15466,923020868.545,8.25741229021,10,
286,242.07797996,632.07564,4273952.6955,2.54912210863,10,
287,242.087088528,112.18491,2604712.65918,8.37717559738,10,
288,242.098243779,105.298422,724256.09099,8.45974948103,10,
755,327.057676475,96.7017,22331604.8613,8.58466531837,1.0,[M-H]-
292,243.062279327,177.672894,2434061761.87,7.86861609678,1.0,[M-H]-
294,243.080871162,451.002264,5559330.19094,6.09026915279,10,
295,243.17965892,121.979277,15243670.5321,7.95757604915,10,
299,244.07615942,543.336876,8815816.81723,6.51122560268,10,
302,244.166564928,968.65053,49130319.68,9.04671106979,10,
306,245.054623045,717.06372,37538227.8084,13.984407255,10,
307,245.087133542,860.12844,838960.422878,7.24329614961,10,
704,315.130253413,218.628006,21347116.7931,5.23474841953,1.0,[M-H]-
309,245.13360782,621.13518,26593729.4136,4.90104771501,10,
311,245.966699862,777.47694,4019700.5628,1.33353262939,10,
312,246.007766857,72.205218,37100160.0902,3.7281992314,10,
313,246.046554307,639.65538,23565394.2368,10.5598130544,10,
314,246.10971475,686.14761,47447159.4422,3.64219933653,10,
315,247.040517804,569.629836,8989520.76494,2.91417421971,10,
316,247.047359949,639.65538,5618829.7175,9.77120327214,10,
317,247.112257095,454.839333,14128232.8918,14.0277732806,10,
319,248.02370642,93.242196,564665.937545,13.3442891278,10,
320,248.054096942,551.651064,8275212.69863,3.68016288419,10,
321,248.080268023,103.499718,308529794.495,13.2307978108,10,
322,248.096241247,101.615649,27029704.6855,5.10993229983,10,
422,267.000261448,102.657954,971049.128665,7.90594750695,1.0,[M-H]-
486,281.015653318,82.540212,99524052.5386,13.5146010883,2.0,[M-H+HCOONa]-
327,249.063331037,130.264416,7827888.93111,13.7678012922,10,
328,249.091568982,538.568013,29109359.0542,2.48420960857,10,
330,249.098065194,591.662775,8370884.60468,7.89611457283,10,
334,249.135793102,519.320982,1880149.02638,11.6448921715,10,
335,249.186226795,98.478147,1883281742.2,8.71703501615,10,
336,250.112320825,101.203992,18571480.4643,8.10567344255,10,
338,250.954265777,520.92867,856827.82125,13.4877948537,10,
339,251.078926905,148.344429,18127364.7331,11.5498603168,10,
340,251.095980315,65.460696,1182591495.58,11.3957481467,2.0,[M+Cl]-
343,252.038706942,469.049022,608178.519904,3.21328018118,10,
344,252.107678075,101.516742,737570.948806,6.75022511845,10,
345,252.12777832,101.6154,6697654.45013,6.1088392344,10,
346,252.146814018,484.322784,402735.272969,5.46809100566,10,
347,252.168814955,102.08721,1023521.2713,11.4018592218,10,
351,253.094534337,654.38472,86040024.8461,4.49218858638,10,
352,253.119563202,621.46158,3912095.21218,3.20328118918,10,
353,253.119607034,435.853626,343486.203277,7.5490773056,10,
355,253.217592496,416.016498,7037932.02498,3.26153953697,10,
1154,438.994067265,833.97246,716853.88586,10.1632245831,1.0,[M-H]-
363,254.968150745,682.3206,84073412.9851,9.29365831074,10,
364,254.968098223,725.42538,431432985.124,6.35840738574,1.0,[M-H]-
366,255.06247243,518.001924,7569342.20682,4.38933250163,10,
367,255.088016479,103.184784,28828258.9759,8.27922251444,10,
730,321.244123179,101.093196,1834349.40082,14.9920218347,2.0,[M+Cl]-
372,256.09424495,199.109904,8482648.12625,7.42534594458,10,
376,257.043276768,860.28546,4358282.74134,4.1187599149,10,
378,257.078278365,144.622368,35228609.4458,12.3507223581,1.0,[M-H]-
379,257.19552384,113.978592,718622.413662,14.2592738297,10,
382,258.117009658,68.261631,634429291.965,13.9217433288,10,
383,258.146187908,613.79841,35685590.7118,6.38815483698,10,
384,258.182662273,919.20312,29076932.1154,7.20194857838,10,
386,259.013154459,567.987642,6715104.30505,6.23953632771,10,
387,259.0588738,575.69883,1178770.51828,11.4405442775,10,
388,259.130254048,674.62227,25549171.5623,6.2980634121,10,
389,259.130184462,540.064422,2063911.67448,9.01406034081,10,
390,260.104433631,59.0783136,1961640769.99,8.30746118515,10,
391,260.125509416,708.74901,16007085.8827,3.57209907004,10,
392,260.12542707,611.84472,71605816.7113,3.08791017043,10,
394,260.873521694,778.22244,72377754.659,10.4095286801,10,
397,261.107918261,513.120411,1965351.54434,4.73928986158,10,
398,261.124672552,464.18103,114088729.972,9.64528067989,10,
400,262.069947217,561.399327,30455106.5404,9.95982355104,10,
401,262.096014829,103.180848,7970477.30569,14.5676354626,10,
402,262.104660979,763.85352,10802919.03,6.89000322495,10,
403,262.181704832,104.348988,4946072.51762,12.7838487763,10,
406,263.044440291,127.385808,96218868.5998,14.0159939846,10,
591,299.070881897,445.650687,21088301.0593,14.1385393102,1.0,[M-H]-
408,263.086656455,104.549568,220155.844539,5.84365688131,10,
409,263.097523982,859.80879,41223463.8568,14.1572281993,10,
412,265.011487485,777.75039,12131928.3188,12.0654620555,10,
413,265.113409233,127.224117,11076621.226,2.84926911479,1.0,[M-H]-
414,265.119749857,492.883842,22263627.6333,5.11522300649,10,
415,265.132926789,343.989444,6328800.7183,14.0794765915,10,
416,265.157722606,103.023723,3397169.49494,8.98116388868,10,
419,266.088482329,476.083278,11002181.0384,4.50619899313,10,
420,266.135911325,467.041248,4750344.13343,14.400689898,10,
421,266.184680885,102.449592,8981993.44502,8.57980938061,10,
423,267.073765198,295.572951,12584208816.5,5.36197841388,1.0,[M-H]-
424,267.072585104,709.71327,2784178.03965,8.81531003006,10,
425,267.073832304,554.265447,54628239.4993,14.0969045317,10,
426,267.098950143,568.628577,26479131.8078,5.72894318309,10,
427,267.110351793,648.3648,58946100.5104,5.40366290374,10,
431,269.088207256,541.980795,38679788.3551,9.13140774956,10,
435,269.248791788,74.693715,95675099.8607,5.01339600523,10,
436,270.10752028,697.83255,1003498.03247,8.51994032713,10,
439,271.211822221,108.937476,634683.709717,12.6616426572,10,
441,272.062761563,568.585869,17054112.489,9.11032728518,10,
618,302.172500029,550.263255,124961211.341,3.0704287206,1.0,[M-H]-
443,272.173439499,849.19872,9464892.43637,5.49575206378,10,
445,273.03860124,740.47791,5112214.04186,6.2866677356,10,
446,273.146144986,500.733858,1674810.27972,12.257308402,10,
447,273.157313354,1055.47764,26426995.8002,14.4172468575,10,
450,274.120249369,481.017378,3318698.76354,6.40064724224,2.0,[M+Cl]-
728,321.150419857,636.86868,6876172.29285,6.92409378725,1.0,[M-H]-
679,310.15124597,561.198744,46652249.1696,11.9741033845,1.0,[M-H]-
453,274.14123965,990.74997,103754551.776,14.9770786791,10,
454,274.148902069,115.644,1071542.24936,11.53808524,10,
455,275.054412857,581.983206,15278749.6785,8.96760099438,10,
456,275.115808291,99.421341,5053813.17341,8.35182254936,10,
457,275.144699474,580.172892,10213588.5999,7.92820573268,10,
458,275.144710955,613.79841,6237087.67215,3.73110627701,10,
459,275.165811405,100.678221,16946636.8458,8.0085387729,10,
460,275.202157232,101.406828,26410808.4583,2.36387780137,10,
461,276.120489587,654.58998,18113488.1616,6.84924868166,10,
779,332.129324181,674.83065,2542997.51424,12.9064166839,1.0,[M-H]-
463,276.120457224,637.65576,9661704.45558,7.20446428006,10,
464,276.120434613,726.64704,13266044.1396,2.80993093054,10,
740,323.190062192,99.105267,6086253.13482,14.8476799573,1.0,[M-H]-
467,277.144949671,101.302332,14217215.0935,8.00571754118,10,
470,278.063574532,111.434496,4012993.92617,9.34923884955,10,
477,279.233083337,95.500659,354144674.544,4.42322876097,10,
479,280.060745476,111.753102,1294652.30358,6.2537864252,10,
480,280.071046725,485.981286,885733.180079,5.84796883316,10,
482,280.151422345,297.933066,10230075.2153,12.5336055777,10,
691,313.042280353,102.710211,328650144.562,3.87747406013,1.0,[M-H]-
487,281.053125319,640.31049,5564783.79185,4.04165753586,1.0,[M-H]-
488,281.089707641,153.761622,36795991.309,13.3463726886,10,
489,281.114635426,535.650072,17951409.3415,11.9692881508,10,
490,281.123072545,64.526322,75602617.395,10.9839156282,10,
576,296.051924266,787.62624,120402433.531,10.639517119,1.0,[M-H]-
498,282.083363359,566.808024,6493395.76899,1.8709149143,10,
499,282.216066328,101.516742,519295.00561,4.58170927067,10,
501,282.948512412,778.22244,337842082.243,6.02802816745,10,
502,283.01276024,102.657954,19843844.9898,6.14247690364,10,
507,283.952297431,778.10646,13930494.3576,5.79458304195,10,
509,284.050809838,106.197396,652168.207805,11.0643538124,10,
511,284.100451043,862.04658,5185378.34202,4.59180781,10,
513,284.267772904,96.911589,175320220.629,4.90865616876,10,
921,364.951712872,778.37994,237796405.179,7.89666544334,1.0,[M-H]-
516,284.952862808,778.85922,5053910.49115,7.44522496713,10,
517,285.082015434,860.12565,5142832.69787,10.8052930607,10,
887,358.100067462,105.932358,2535781.51558,7.14975544265,1.0,[M-H]-
524,286.912365442,1674.10824,21789839.2646,10.1861504312,10,
525,286.912492529,1146.10686,83953106.1662,14.4389706293,10,
526,286.912372367,1743.75102,8818523.2669,3.44283919696,10,
527,286.99355438,777.6006,16165243.9739,8.16196740022,10,
528,287.055753905,217.011,11154581.3957,8.74088672933,10,
529,287.090386637,59.0780721,260141273.375,10.5698270279,10,
531,287.136603917,649.02111,16031490.3085,5.69221714076,10,
533,287.136628449,686.47131,11432995.291,4.00413527187,10,
534,287.136521911,745.85214,12294164.4135,10.9218412118,10,
982,384.13733898,104.666736,218570.004736,3.70880293723,1.0,[M-H]-
538,288.156953486,606.82884,30624699.3914,5.97974151853,10,
539,288.156905743,541.154568,77206512.1721,5.12240855869,10,
541,289.115848113,739.34352,9155420.95738,4.70149789564,10,
543,289.160318087,560.53557,10419839.771,2.93950989415,10,
544,290.063679012,127.980351,28162749.9196,9.97645252231,10,
545,290.118484785,544.056183,5180137.68163,12.7842914876,10,
547,291.102540615,504.431301,462116.803485,4.47194011785,10,
548,291.118499812,526.214304,3932182.50282,2.93827532924,10,
1275,472.167788794,573.426324,27430494.0241,12.9916272767,2.0,[M+Cl]-
550,292.164131711,100.678221,16033983.907,7.76138249022,10,
551,292.167210187,694.60728,7087089.93467,9.08094092813,10,
552,292.892063935,1845.5595,22984331.5705,14.0389694012,10,
682,310.902695313,959.45487,51260956.417,5.56277232672,1.0,[M-H]-
554,292.891980758,1649.53752,25073278.5355,13.5099947218,10,
555,292.891986799,1007.22237,129140029.236,10.4167913989,10,
556,292.891955895,1356.81669,212850120.909,4.64935240479,10,
557,292.892031978,1788.38244,10784018.5532,9.76833831748,10,
558,292.892128132,854.31384,6065310.48032,5.99965854073,10,
559,292.891993861,1697.7771,12021868.2596,12.8188961449,10,
564,293.151166615,316.277322,54821943.2908,7.34135003758,10,
565,293.176503026,102.5571,177861551.647,5.23256770841,10,
566,293.212728426,101.145516,283119773.516,6.91546818057,10,
567,294.065749899,59.2850091,319132712.986,13.1623739962,2.0,[M+Cl]-
815,341.183484846,579.528081,35321798.3605,4.78014076408,1.0,[M-H]-
569,294.156412225,707.26077,2021410.33037,2.7211619235,10,
572,295.077374473,59.752314,268769872.089,13.4181039068,10,
575,296.014374004,241.737642,428321.0962,12.7756438053,10,
579,296.10225103,612.16974,2419852.04915,5.12850068783,10,
580,296.587505447,53.2634412,127735.846398,6.77429980684,10,
582,297.170943976,102.032706,33870542.0844,5.95592134287,10,
583,297.193356568,510.278688,86777.4541484,13.9082295463,10,
584,297.243809118,100.890996,60953650.9894,9.41616913359,10,
585,297.930362815,90.506466,583064.586472,6.25595716731,10,
1200,451.000171645,778.07268,13747552.9474,7.40732905556,2.0,[M+Cl]-
588,298.177608015,600.85728,167882036.611,4.21026155748,10,
589,298.17753361,557.371758,73758825.9346,1.75953481932,10,
590,298.92246979,777.75039,104978918.012,12.440324796,10,
594,300.112611802,916.27143,1329908.70535,9.88527302472,10,
595,300.118151933,531.89094,982007.94332,12.5352471784,2.0,[M+Cl]-
596,300.135700621,465.780216,50159543.7564,7.99016503502,10,
599,300.262751676,101.825856,3125477.01518,8.07570067582,10,
600,300.919688798,777.7503,8938486.45518,13.7028086306,10,
601,301.107832921,130.429167,6368865.77086,5.59731442016,10,
602,301.120707255,546.195552,3499637.02899,10.8030611303,10,
603,301.152223035,627.01785,130222622.431,3.74131818354,10,
1144,436.182940224,587.605338,3825033.29234,6.58716957784,2.0,[M+Cl]-
605,301.152252565,679.00926,20565672.3121,3.95952396603,10,
606,301.152237798,610.2261,48927832.4895,3.73460388534,10,
608,301.196828457,499.236672,17104790.9345,14.369517563,10,
609,301.196721677,520.99167,5560359.81376,6.62520333603,10,
610,302.065226058,939.55908,2072185.39996,12.6441585964,10,
611,302.066713536,163.584552,17969994.0902,3.71796728884,10,
612,302.073285181,581.758248,11001917.4155,12.5868093552,10,
999,389.133744222,860.44491,3653614.54785,13.1186769138,1.0,[M-H]-
614,302.108244235,111.758622,3098238.63603,8.04090905729,10,
615,302.122771545,815.40507,5371424.95022,7.62471244871,10,
617,302.147414473,1001.05161,453886135.69,9.17130545613,10,
619,302.172537006,532.909623,53935245.0402,3.37907684086,10,
620,303.050592678,275.567811,778888501.99,9.71905575384,10,
622,303.066278616,206.733081,79409557.1594,13.950661762,10,
623,303.070542772,163.259862,1285332.06758,3.28187721161,10,
625,303.114623464,862.0467,3413730.49993,12.9057554116,10,
626,303.175933307,567.565686,3542621.73309,10.5495135056,10,
627,303.176018458,541.841394,7769735.65132,3.41864816238,10,
628,303.173434007,102.762468,389079.356245,12.1246426152,10,
629,303.233075201,73.75746,42602459.9112,4.29624176449,10,
632,304.069938977,206.89662,9349407.39555,4.30134145863,10,
634,304.106097323,860.12838,1349060.11658,5.58839988423,10,
635,304.130773056,494.550111,28221277.462,5.50031859637,10,
636,304.134173224,517.836864,6877412.11035,10.3349415533,10,
637,304.134074635,533.391186,12950772.7741,5.73024312822,10,
638,304.188544678,104.022342,249198.660765,14.8286632561,10,
639,304.188244338,1547.08194,3286517.05704,13.261581944,10,
640,305.018449178,538.000695,8881395.08122,5.40477249923,10,
641,305.023412913,818.19129,4424219428.86,13.772328853,10,
642,305.02341699,794.39454,2412895975.1,3.96109414678,10,
644,305.047379158,295.415766,1036611052.67,11.459542793,10,
646,305.050879889,575.060832,2568975.7314,4.70565047986,10,
647,305.110740548,741.27243,9691772.31317,9.68868667967,10,
648,305.137671607,533.928306,1716528.19575,7.15503585508,10,
649,305.155322532,572.110086,7774263.2467,14.6580338083,10,
652,306.026799529,771.4524,103360835.465,10.7799561282,10,
653,306.026739541,818.34813,435232005.149,10.7485084083,10,
656,306.131267382,667.22712,17290273.2948,4.60849641455,10,
657,306.678772983,116.007738,1252734.37976,4.88712211859,10,
658,306.994232551,122.464158,40423107.4808,4.72353651164,10,
660,307.124050266,550.646499,2879743.45215,7.81801617346,10,
897,360.072144945,571.83321,128840983.421,6.77248656249,2.0,[M+Cl]-
664,308.135641419,530.492367,12741854.1819,6.76034736832,2.0,[M+Cl]-
744,324.164995161,108.450465,885471.690637,9.73144308975,1.0,[M-H]-
667,309.057166402,64.313283,141349873.245,5.79098141594,10,
668,309.049087736,457.447902,3483734.46217,5.16257976513,10,
671,309.109859759,692.34651,14541401.9568,4.57416726556,1.0,[M-H]-
673,309.207639196,102.243906,67370852.1289,8.15280839833,10,
674,309.959282474,776.97093,4166836.97714,4.04652297422,10,
677,310.114942872,519.289098,159196508.391,8.00863439454,10,
681,310.211058146,102.657954,13224704.8931,9.36938267244,10,
683,311.054145234,64.418712,46440306.8675,8.77137212881,10,
688,312.114586862,108.670614,900019.650251,4.51839288667,10,
692,313.098215097,519.649683,7947211.77615,11.4881492902,10,
693,313.104596924,822.26631,107234538.164,7.18993986125,10,
694,313.113292705,99.732708,6787478.36063,3.46005665058,10,
695,313.115912048,699.44502,2854081.89785,1.22654745639,2.0,[M+Cl]-
696,313.133152294,219.345954,64794504.2705,10.2939487989,2.0,[M-H+NH3]-
761,328.188288083,569.948832,27715623.522,1.21250465863,1.0,[M-H]-
700,314.172732858,552.290814,17256913.1677,8.91994303341,10,
701,314.184743132,100.992096,641239.903153,9.36885788364,10,
702,314.980856914,203.20209,5605830.68723,11.5958769247,10,
703,314.980935308,107.54799,1780531.01476,9.26804167207,10,
705,315.168064479,623.42013,150994800.164,4.40060579396,10,
1039,401.168515814,603.76221,8258958.80516,8.46178293548,1.0,[M-H]-
707,315.168013551,586.007715,51672720.1472,6.77082460981,10,
1098,421.194741666,656.22417,1984065.02611,6.80655154944,2.0,[M+Cl]-
709,315.197191714,101.829234,5401129.02637,6.09441469117,10,
710,316.113053317,537.294117,5080267.67821,10.190978518,10,
711,316.166950611,276.391302,169291686.52,3.04258732263,1.0,[M-H]-
767,330.204061432,490.047045,82375778.9901,8.96848460371,1.0,[M-H]-
713,316.188176446,520.909656,61643215.4279,7.08965673756,10,
714,317.055324936,668.20119,10733635.9702,5.85588023185,10,
716,317.114782675,621.18996,5905919.30722,5.66485287779,10,
718,318.130183778,558.519867,1496173.52698,4.7578858152,10,
720,319.108650505,597.62634,50670748.8599,6.1975991994,2.0,[M+Cl]-
1034,399.225369964,571.254504,71991829.2064,4.21045283938,1.0,[M-H]-
722,319.18309755,635.36076,1376761.73548,1.7206538662,10,
723,320.16211927,487.978134,1694688.77765,5.00891697968,10,
724,320.997399859,824.46549,368666142.781,3.17234651086,2.0,[M+Cl]-
725,321.009890157,112.510413,34747255.6282,6.14482494811,10,
727,321.111279155,104.866944,338798.416939,13.6390532799,10,
729,321.220333534,101.459022,3447519.95512,9.76609079887,1.0,[M-H]-
732,322.061353221,456.778143,5987747.52764,9.31476944379,10,
734,322.14133156,526.164129,8049472.30741,9.22982002326,10,
735,322.141301332,545.185803,19234046.9635,2.55513610358,10,
1142,434.94900493,833.00394,33462641.7824,7.94149405322,2.0,[M+Cl]-
739,323.076673945,975.08832,48861451.8676,8.53380848329,10,
742,324.083348558,859.96809,2346003.41681,10.1287059286,10,
743,324.120635451,585.190638,12008747.8228,7.23560213372,10,
745,324.226752784,102.456246,1904561.51917,13.1446812128,10,
748,325.201571397,100.779084,93670553.4487,3.79980290117,10,
749,325.275122991,101.358234,947416.30134,4.82682748762,10,
751,326.111038168,171.559875,46934230.02,10.1078570916,10,
1153,438.972997875,664.85781,4782639.88496,14.8984357832,2.0,[M+Cl]-
756,327.126045225,486.189588,5536625.17863,13.549541901,10,
757,327.291171924,101.203992,1168597.98047,7.87303004254,10,
758,327.970294059,777.91497,9784744.48455,9.59161706956,10,
759,328.107677503,560.588574,91220789.2909,2.82391076951,10,
1004,389.204651223,551.380998,12206056.0198,12.477569139,1.0,[M-H]-
762,328.224532066,299.709072,129756162.891,13.0278363398,10,
763,328.861564792,778.37994,3880113.13952,12.8795143383,10,
764,329.220187107,945.96672,1551072.14995,11.8006741395,10,
766,330.204097767,504.096996,241148707.758,4.91200524847,10,
768,330.204094145,103.389972,1001056.11581,4.31110850396,10,
769,331.070951246,647.66622,11857305.0668,10.1775321208,10,
770,331.091683048,574.742208,1387043.27201,7.98939439547,10,
771,331.121196912,530.72715,4485326.25997,12.8506204061,10,
1105,423.18939557,532.587624,2930617.29572,6.13790708865,1.0,[M-H]-
773,331.162985479,643.43511,37536975.0736,5.29693992243,10,
774,331.162974338,618.69267,77851037.9466,13.3511478602,10,
1159,442.231416705,591.824838,30433436.7121,4.2150818883,1.0,[M-H]-
781,332.18329584,545.508864,131057281.601,2.45770155648,10,
782,333.041188211,447.583272,8918001.1065,9.48057202288,10,
783,333.037876787,760.10925,5354647.37622,13.6152542518,10,
784,333.059762929,783.09504,453924403.004,10.3075099635,10,
787,333.998700797,785.88204,3565035.84877,12.7437779466,1.0,[M-H]-
789,334.12577758,110.451423,5765437.1125,11.6144075505,2.0,[M+Cl]-
791,335.060527353,105.932358,1834793.41681,8.37385776789,10,
792,335.102196446,589.92618,10054607.0308,2.14768593307,10,
793,335.675907886,651.75624,555775.177243,8.37504481553,10,
794,335.922720718,134.160954,678144.222057,2.27084676956,10,
795,336.061138109,634.40061,1944591.39212,6.214288487,10,
796,336.060938924,598.918959,3968211.84698,12.9252221798,10,
797,336.106482442,493.631784,485045.731021,2.95842427953,10,
800,337.005010082,110.234277,3442910.89562,5.68241392718,10,
801,337.078437664,664.60974,621237.101292,2.18257336779,10,
803,338.048185918,575.668773,10345702.1495,9.15170805741,10,
805,338.136444062,541.918704,6437060.73718,0.789735452315,10,
809,339.254355415,101.774724,1158467.19419,14.8354771913,10,
811,341.073896589,101.30541,68959878.1606,6.79121552433,10,
812,341.109631322,842.36211,16296515.8059,6.51065985427,1.0,[M-H]-
813,341.109591607,664.80534,23564041.678,2.8920457693,10,
814,341.161127222,101.772027,6992346.34831,7.54831457865,10,
816,341.183684564,628.14624,14253337.5738,12.8980614869,10,
817,341.237112934,241.955355,478665.116611,6.00987120236,10,
819,342.077457443,101.203992,8898617.04411,6.17413917759,10,
821,342.112916511,842.69526,2134008.95203,2.47116107087,10,
823,342.16449581,101.82447,1077980.77043,5.07192873918,10,
824,342.876837202,778.37994,48197306.9625,9.4107069133,10,
825,343.130459684,445.157022,2818887.00864,13.2438892522,10,
826,343.128432967,526.508358,943646.781719,13.3307345248,10,
827,343.260671445,98.060988,1444013.52072,2.81343897708,10,
828,344.110076484,107.006343,13180793.709,14.1997919686,2.0,[M+Cl]-
829,344.194508625,1028.31108,2531256.46839,10.1030087127,10,
830,344.202817206,540.993318,11854311.7924,6.98443163846,10,
831,344.219661957,425.961726,62713301.4235,11.4231382421,10,
832,344.21973584,101.82447,1053783.56603,5.32148778182,10,
1420,506.883237399,778.54455,34352239.708,11.8050776998,1.0,[M-H]-
834,345.113689899,107.108076,2039756.9901,12.6343673556,10,
835,345.156207417,468.629904,1022393.65364,10.7303976674,10,
836,345.178485007,604.40733,309201005.625,5.42730090108,10,
837,345.17846823,588.267891,91009147.5342,7.11136016658,10,
838,345.178538753,625.54596,151839377.903,4.49407444116,10,
839,345.178563146,645.90066,33241363.8828,13.4451612575,10,
840,346.09153512,528.990426,6174018.79081,12.8258223632,10,
842,346.141437159,399.796638,1469257.87813,6.17917821277,10,
1403,503.248018845,589.23459,141788971.766,2.62280328289,1.0,[M-H]-
847,347.056688526,445.976571,14270710.6482,5.23400155681,10,
849,348.091177752,108.182742,755775.366409,6.66945,10,
850,348.141346361,105.718776,3009191.28375,9.42577281868,10,
851,348.170236972,494.647134,2518313.13639,10.6280777939,10,
852,348.193376691,447.27945,33059795.6076,10.6464194447,10,
853,348.19353994,380.047854,5749038.66956,11.6627170887,10,
961,379.010829683,106.89399,643811.454874,14.5791205051,1.0,[M-H]-
855,349.056198713,203.3064,3087465.29484,10.5911380589,10,
856,349.133157009,107.430072,861360.664809,2.38714663789,10,
857,349.170952087,451.975878,504740.692583,0.773455438554,10,
860,350.049315624,703.14843,44714793.1641,6.93829150515,10,
861,350.201003131,100.887543,720732.730761,5.04007931015,10,
865,351.150403249,95.814468,1805019.96171,13.4781063876,10,
866,351.241501942,109.262589,844885.572037,10.2947193975,10,
869,352.216651484,102.296736,2506660.14733,5.91559852639,10,
870,352.224808493,97.954812,10603002.8942,13.10170059,1.0,[M-H]-
874,353.037432823,749.37525,5635814.50981,10.211156289,10,
875,353.233928125,101.511216,7620350.37098,11.6989144529,10,
876,354.063462802,860.31684,3969602.68046,6.79047537299,10,
877,354.131352907,596.658279,4781151.60191,10.6051923815,10,
878,354.980553966,127.345626,8162879.09154,8.7211754049,10,
879,355.199470397,650.46603,35910673.4462,5.20474948105,10,
882,356.256328728,199.810899,46077750.7573,11.2575208153,10,
883,356.66858125,685.76964,1099305.88178,5.26616728256,10,
935,371.230566549,478.068903,20987195.1106,14.344976781,1.0,[M-H]-
886,357.214970015,532.748556,94992802.9006,5.55049137335,10,
888,358.118408731,556.535757,15415707.7976,3.20458639256,10,
890,358.173971464,649.88898,10779121.381,6.44377086865,10,
892,359.133306779,866.61534,11410816.0458,10.1569529166,10,
893,359.173359879,484.530081,3438426.48031,7.36912704,10,
894,359.194277614,605.0526,160851573.352,5.31307149669,10,
895,359.20534013,859.48929,1393691.31434,14.4024338203,10,
896,359.271218238,410.7195,1256829.31298,4.46178843887,10,
898,360.08264457,106.465452,612397.565193,8.85112667179,10,
1225,458.08466367,721.88781,5095548.82646,14.6982833578,1.0,[M-H]-
900,360.130672817,564.245616,230957658.492,6.42698546971,10,
904,361.074761124,593.775216,4400915.31973,13.8331210004,10,
905,361.090071959,145.757616,2815061.83726,8.78236345353,10,
907,361.155828927,600.53415,685461.171654,11.2947940431,10,
1192,448.242373427,595.062216,2275325.97693,11.7752673009,1.0,[M-H]-
909,362.176369494,429.394137,35247557.0122,12.9839044528,10,
910,362.173035617,509.485488,41710111.6092,2.20822789247,10,
911,362.292232867,131.10099,11583834.0823,6.60364594436,10,
912,362.699381175,663.17184,7504273.33518,7.78996334319,1.0,[M-H]-
913,363.142652655,608.277,5819397.58369,6.98323924795,10,
915,363.702397911,663.50934,596389.310009,5.31117177452,10,
916,364.060981604,802.83138,16846469.0779,11.1035761527,10,
917,364.144781598,607.64412,551972.694434,10.5422054342,10,
918,364.188410334,291.105372,30681831.3817,2.8581680998,10,
919,364.188696912,434.119707,42253543.8063,9.41311182202,10,
920,364.188924598,513.737802,1488139.66142,2.522113032,10,
922,364.982651889,101.825163,1805945.19644,11.7840599958,10,
923,365.031247259,96.813216,4072222.4525,5.80569299324,10,
924,366.232532425,102.084774,3970790.00497,5.72177564713,10,
926,366.910133046,778.07238,10031734.326,6.64386550527,10,
1334,486.12506287,572.151588,9367811.53946,6.16881259347,1.0,[M-H]-
928,368.162076467,455.660406,10742640.1716,12.6172977314,10,
929,368.996129149,112.024857,3360098.12,4.74423071162,10,
930,368.996593989,777.75792,16366975.2012,8.53540161512,10,
931,369.214824504,603.37035,27633913.1101,5.07475658947,10,
932,369.268611933,235.271907,4361460.3612,4.99690363003,10,
933,370.139377493,524.558028,3182243.34254,2.84642127315,10,
936,371.230568594,517.708314,23869732.2134,5.86607072223,10,
937,371.230506734,531.247812,14744005.3688,4.37546850459,10,
938,371.241890853,673.72299,7311233.82766,11.2300781543,10,
939,371.284260097,231.141051,1904155.59,6.90097149481,10,
940,372.189369472,596.658279,69607452.9953,5.84728169602,1.0,[M-H]-
1318,482.262834514,613.96164,47127435.5748,3.30682627893,1.0,[M-H]-
942,372.960941648,55.4972601,501538.86367,12.4174061111,10,
1457,522.15067759,83.432082,676609.228168,11.578652578,1.0,[M-H]-
945,373.209714884,565.350264,29507512.4723,12.9373871223,10,
1032,399.225387734,549.943872,9646693.61446,2.66579855302,1.0,[M-H]-
947,373.20982267,533.873628,23087728.3568,6.62751219569,10,
948,373.300009818,225.618036,1368643.15096,6.12699977284,10,
951,374.209065813,474.781122,167301.00403,2.76411979535,10,
952,375.131784991,223.292154,16810454.4415,13.0797654348,1.0,[M-H]-
953,375.154362612,860.12838,7194568.68647,7.19458859655,10,
954,375.225397963,593.792949,1756543.61921,12.8536978158,10,
955,376.038001069,103.706049,67841545.6038,7.32269509624,10,
956,376.067032267,640.96752,13722091.9518,4.89134540337,10,
957,377.013292773,106.838967,765096.775805,12.8418404922,10,
958,377.070885583,498.33864,399819.52834,14.9649876608,10,
959,378.007257108,106.685277,7582030.42017,13.426075589,10,
960,378.20428197,217.334628,8549669.08765,13.1130623129,10,
1293,476.032442829,787.78311,19315533.1142,7.47898364588,2.0,[M+Cl]-
964,379.083357228,851.21823,623882.225968,3.26090708956,10,
965,380.002983736,107.108076,190535.827629,10.1542875413,10,
967,380.230903949,546.155187,17035965.3088,14.0929567721,10,
968,380.925843466,777.7578,98581170.343,8.76344413824,10,
969,381.142433512,616.2453,5590866.02088,10.878109228,10,
970,381.151289198,952.173,1170057.52322,9.55237690224,10,
971,381.188448816,555.723822,27034477.3275,2.73694967537,10,
972,381.234366912,546.155187,3579227.6677,2.74179813614,10,
1603,574.307602782,96.339795,2347676.86102,9.05946635387,2.0,[M+Cl]-
975,381.972205168,699.5262,192433459.013,5.74405390996,1.0,[M-H]-
977,383.138954717,102.087666,1441079.20237,2.85416831851,10,
978,383.143653197,45.0335592,23620764.7504,6.87609453977,10,
980,383.284435979,246.123678,975104.590832,7.28876962738,10,
981,383.353801478,101.459022,1380375.75698,14.1174721507,10,
983,384.147129266,603.48708,2543275.64244,12.4247623144,10,
984,384.234308975,551.058678,11139962.9707,1.98988065105,10,
985,385.030175159,170.541516,6912286.32652,4.25863674652,10,
986,385.140525055,44.5970418,8598935.50102,3.026279178,10,
987,385.209986995,610.2261,52861666.0938,7.18519643689,10,
1515,546.254156806,623.89944,4268267.61609,6.64043665665,2.0,[M+Cl]-
989,387.026810304,771.41943,1263332784.7,13.5990964157,10,
991,387.156960559,54.6037509,168812.227136,9.17618373373,10,
992,387.204451555,276.159816,45429708.7687,10.7524952055,10,
993,387.22590372,906.28086,12177290.8913,12.3151228347,10,
994,387.225665221,518.037924,30113053.2082,7.89554443147,10,
995,387.315875391,243.121794,298350.656338,7.71553925526,10,
996,388.149732152,859.99509,12613836.4137,7.53107103746,10,
997,388.229263119,533.606442,11319249.715,7.74279560893,10,
998,389.03149577,771.41967,27237347.4478,13.0868399138,10,
1002,389.183705171,461.918232,12354787.4282,10.9215568203,10,
1003,389.2049391,620.48397,25718944.3837,6.62495409545,10,
1005,390.144250219,454.691634,10284489.6743,13.8685741669,10,
1006,390.187249011,462.28365,2246373.70423,13.193782425,10,
1007,391.138477915,106.250718,520712.893519,4.66235582905,10,
1008,391.147827498,453.877146,2328143.36447,8.37443320263,10,
1010,391.184148628,617.38986,4910660.38009,6.77862686244,10,
1011,391.286499035,132.519342,1096306.51518,6.31034959925,10,
1012,392.127034999,543.937182,423237.253722,9.30239087657,10,
1018,394.966412364,105.7788,61960821.4946,13.2439232887,10,
1014,393.191540655,103.868232,2480775.42487,7.63537802099,10,
1016,394.129397249,564.608694,3973733.25922,4.19121301781,10,
1017,394.263796574,101.618163,2000355.26449,6.59879536442,10,
1019,395.157750964,577.168197,9123434.55425,8.60977403688,10,
1023,396.962268397,105.823824,3247924.37936,12.0095966954,10,
1024,397.080156423,298.951371,31330913.1329,8.48246021368,10,
1025,397.116394835,567.508584,2510100.29841,10.9926703016,10,
1026,397.246118683,533.78382,37569014.3426,4.13326194634,10,
1027,398.217724465,647.91588,1538426.45775,6.09973129691,10,
1028,398.233658371,54.3326826,108302.187192,4.06106242265,10,
1029,398.327941641,415.334502,189939.217356,14.0384755532,10,
1030,398.719318535,648.15588,591184.16763,6.34732182929,10,
1031,399.096898468,563.748702,28631603.9869,13.9489294232,10,
1442,517.263257747,591.179091,11966930.2891,3.98596185611,1.0,[M-H]-
1035,399.261966389,492.514968,3256871.08373,7.72258734978,10,
1036,400.220826668,642.44778,5854469.29173,3.13591905583,10,
1038,401.130745559,729.43113,38803037.03,5.92755467987,10,
1040,401.204739609,606.30372,59960410.1391,3.43366502694,10,
1041,401.231863237,571.515024,1473675.57589,3.70541180313,10,
1042,401.241271688,502.584483,27886160.996,7.10055595934,10,
1043,401.241111027,533.390814,10474144.6592,4.17795774946,10,
1044,402.055485594,180.617868,6431516.93555,12.5134888928,10,
1045,402.068631975,107.53824,313452.487876,2.78501000895,10,
1046,402.144613851,114.027354,7501076.06281,5.86575279825,10,
1047,402.164938296,859.96629,8814569.60612,11.2899608906,10,
1048,403.000585134,824.15145,519722803.776,4.51300081932,2.0,[M+Cl]-
1049,403.000589136,767.80041,813668349.02,14.8077049691,2.0,[M+Cl]-
1050,403.16619621,577.452594,5794881.51086,4.43741019097,10,
1051,403.172897916,181.972329,5982062.99135,14.6471577842,10,
1052,403.202728731,494.187657,8591793.06265,9.61183064541,10,
1197,450.199859303,549.848871,6968159.46887,4.2309698461,1.0,[M-H]-
1116,428.178043415,1108.71228,14139120.0546,11.8730668836,1.0,[M+H3CCOOH]-
1056,404.158073693,559.136949,18764090.785,2.6200179655,10,
1059,405.117489959,590.485581,36894807.6184,10.582598698,10,
1060,405.215097428,437.182398,30552106.8842,5.48073306486,10,
1061,405.312857032,439.044456,273506.350503,6.15278888409,10,
1063,406.203042692,615.75561,5501828.17877,7.9142925549,10,
1065,407.179144927,687.49788,2269966.72295,12.2695991167,10,
1066,407.215455355,595.851786,1985150.29313,9.28687693649,10,
1067,408.210978401,104.031612,294262.852076,11.7863391762,10,
1068,409.068759116,202.497036,5872226.61163,8.31883944151,10,
1070,409.210085389,505.776105,22768618.9683,4.30771130309,10,
1071,409.973099317,778.03443,7803294.00995,9.99422430282,10,
1073,410.864215136,778.5372,4480722.68474,14.4053785727,10,
1075,411.127646349,606.34446,3232068.20561,12.1455540025,10,
1112,427.193846493,556.504062,27270489.7322,5.25042370191,1.0,[M-H]-
1077,411.262104143,508.312218,59712731.8263,9.7870096848,10,
1079,413.124361326,91.458108,653351.578287,14.707938359,10,
1080,413.152518161,103.337901,1339899.72014,8.34910963261,10,
1081,414.236547552,600.049014,3261219.99613,3.84819725537,10,
1082,414.245235788,526.214304,8314358.48536,5.45455225213,10,
1083,414.3597022,414.752886,133162.860383,8.47861266724,10,
1084,415.139430985,565.164168,4515377.3348,2.02470412994,10,
1085,415.195458715,639.98268,31049248.6016,13.507612323,10,
1086,416.066541009,783.26382,6139142.64565,9.3829705793,10,
1087,416.091705644,860.15745,2870172.5588,12.1052001181,10,
1583,569.249091801,611.23956,1892039.45047,7.55932932387,2.0,[M+Cl]-
1090,416.375575032,151.807677,12437126.9825,6.24498173434,10,
1091,417.378982679,151.954428,3032537.35206,8.31585717085,10,
1164,442.26786055,532.909056,5305304.80009,7.20209012425,1.0,[M+H3CCOOH]-
1094,418.779054309,777.79146,4009370.09065,10.7747648725,10,
1606,576.287742452,591.340155,6084823.51046,6.28189943543,1.0,[M-H]-
1096,420.188837554,580.011516,3568150.84896,5.92508473995,10,
1097,420.312744505,414.846945,129770.255444,14.8048247797,10,
1099,421.184517775,502.420731,8769078.98869,5.84475526021,10,
1100,421.192960881,580.200708,730837.724103,8.4176404377,10,
1101,421.976039265,830.13732,1953232.72152,4.88225957326,10,
1103,423.019846724,742.69326,57715711.7981,3.62738836237,10,
1104,423.17145733,462.581574,7591487.8967,11.4980810616,10,
1211,454.268124561,412.146135,6601140.59046,10.0579509243,1.0,[M-H]-
1107,424.27141624,427.483992,131420.942161,8.33181898468,10,
1108,424.343981902,409.02876,132935.900238,8.60523466991,10,
1110,426.182557594,104.132157,2289727.94282,14.0795893345,10,
1111,426.281519037,451.012134,2966830.41811,1.62338502355,10,
1113,427.226106081,664.69569,1786900.34652,6.85711762582,10,
1114,427.727712044,664.93536,770391.786501,6.28565587714,10,
1115,428.109687767,860.47734,872877.214544,9.39395054958,10,
1117,428.302411552,422.150694,434836.282941,3.50890376973,10,
1119,429.236115717,541.357056,18014236.1898,7.60736118733,10,
1244,461.225164834,471.870033,1299686.85253,7.43002820873,1.0,[M-H]-
1121,429.272619617,485.658756,8262733.95342,4.55653281507,10,
1456,522.084253247,101.82447,2567320.85461,8.89264741772,2.0,[M+Cl]-
1123,430.061459737,860.31453,2872082.50233,5.731017329,10,
1124,430.213884054,603.14646,2378048.92742,6.47258478389,10,
1125,431.152595076,1108.71228,16327258.0007,3.43823302784,10,
1126,431.197760924,540.387576,6002780.90531,3.19990983873,10,
1127,432.048123882,770.19294,40749677.2839,14.8619007593,10,
1613,578.287967364,607.3137,2200335.26996,9.80952146086,2.0,[M+Cl]-
1129,432.210764,657.85611,33217111.378,5.54493958967,10,
1130,432.247501525,594.402096,1656705.1468,8.11864994965,10,
1579,568.242204351,544.400679,3630702.38113,5.3840111971,2.0,[M+Cl]-
1133,433.214566369,657.62988,6150987.61086,3.62077702735,10,
1134,433.231878772,556.183416,1618433.45508,3.93487774688,10,
1135,433.319203069,401.22093,1171250.91409,7.01646555624,10,
1136,433.985556288,742.37574,32896896.8468,7.61544527505,10,
1137,434.093443857,574.702962,2136490.81301,1.19551027669,10,
1138,434.210769307,598.465017,1174153.39434,11.4186847347,10,
1139,434.226465326,104.021976,301113.506227,11.7107113712,10,
1140,434.24034853,102.764226,520180.668068,10.1569509784,10,
1143,435.239091507,102.5571,913058.862627,13.9072216096,10,
1145,436.210250966,94.300974,1231556.26154,4.16188243795,10,
1146,436.274501644,101.772027,750776.422583,11.479758715,10,
1147,436.284191472,373.957104,1206898.59102,9.86305066448,10,
1208,452.921677986,833.80782,1422875.77901,6.28067846201,1.0,[M-H]-
1700,616.311047183,547.861875,43087086.812,6.60020549874,2.0,[M-H+HCOONa]-
1151,438.254046437,117.280482,6586623.83312,10.4050946747,10,
1152,438.299574282,414.662811,309188.05217,3.88075158965,10,
1155,439.157676591,740.15979,8727433.44738,13.7698317395,10,
1157,442.075100408,572.429448,862648.647589,13.7428927816,10,
1158,442.217804383,520.957146,2115766.03348,5.94818207849,10,
1160,442.231491797,621.29871,28070627.2065,6.38480092124,10,
1161,442.231603308,685.49895,32274410.4782,7.73478086007,10,
1503,540.305026588,672.3447,1761780.29275,3.30417810268,1.0,[M-H]-
1163,442.267350242,498.907788,9016201.12595,5.6451100119,10,
1167,443.141553686,102.870654,24135549.0964,14.1243965883,1.0,[M-H]-
1169,443.234002843,469.170096,10870081.4699,7.93872422208,10,
1170,443.23627397,685.49871,5335610.1227,13.9568142763,10,
1171,443.288441295,430.716996,17521333.4958,9.97509372152,10,
1175,444.247384349,886.25127,11860543.7414,13.002309209,10,
1176,444.247303194,920.94756,15615165.3504,8.83706192512,10,
1177,444.406960174,124.886469,2353118.65591,12.1490510128,10,
1180,445.268141852,108.719814,685614.292609,4.67198959963,10,
1181,446.063966139,802.87125,23035867.2236,9.90254911445,10,
1182,446.169241356,517.277238,539421.553412,9.03529004141,10,
1183,446.262693122,985.55298,10997822.6143,6.46551597879,10,
1184,446.695459623,688.73949,2262333.59752,6.56512841774,10,
1485,533.003353436,778.53708,11679326.0269,10.582464738,1.0,[M-H]-
1433,511.240854988,60.427767,166383580.463,9.30658932424,1.0,[M-H]-
1188,447.235874126,412.146135,1010047.48958,7.16084784761,10,
1191,448.212876607,78.435102,44160308.9074,5.28512962249,10,
1193,448.248007664,408.379434,1939520.40022,6.48511717686,10,
1194,448.913413106,777.79146,11847711.6473,4.42296746522,10,
1196,449.959798817,735.0303,34626096.9091,8.44667760854,10,
1199,450.923625027,833.32728,4978303.42907,7.81276940922,10,
1400,503.001501794,102.870654,1566554.25971,13.3295726085,2.0,[M+Cl]-
1203,451.267022245,406.41063,1566688.74007,4.58924496084,10,
1204,451.927457748,833.96871,427366.426907,11.4693232281,10,
1205,452.136506395,772.52286,8319383.40704,10.0858792213,10,
1206,452.302582904,421.529169,1060466.45147,5.70684829444,10,
1207,452.920799751,682.37757,29206820.8624,6.27295765752,10,
1209,453.151450646,672.8328,2227022.67016,8.48480420228,10,
1210,453.282704502,404.573049,1574449.20341,6.76999731487,10,
1212,454.2847028,404.639736,193272.786795,4.91037572071,10,
1213,454.318558585,417.760254,892636.752928,5.2106275339,10,
1214,455.32168434,417.731499,226082.083687,11.3793296574,10,
1215,456.21018325,70.491261,58904767.0729,4.45063041333,10,
1216,456.226068694,469.160403,22959770.1868,4.70491292609,10,
1217,456.24726354,611.84823,13535959.3032,6.91739724834,10,
1218,456.247370069,626.85417,58823564.2439,13.2345850709,10,
1219,456.334304422,416.016498,1125673.71317,5.02494290643,10,
1220,457.157646933,102.241014,37593478.9818,4.30149242772,10,
1224,457.337484765,415.766112,289054.003919,11.740682566,10,
1227,458.201796258,866.77776,3150688.5622,11.6460300039,10,
1229,458.225735589,70.130079,171284713.237,2.22926296872,10,
1230,458.241548795,411.299049,9982381.17643,6.85222901451,10,
1232,458.262808779,544.378941,40955790.5582,2.11635615935,10,
1233,458.349945447,415.073508,1540675.09026,5.13777999284,1.0,[M-H]-
1235,459.209863104,62.08569,1784485397.99,0.853487948415,10,
1236,459.221836271,1012.78956,8059397.26311,13.7146859613,10,
1545,558.035828777,787.80585,24511537.0587,12.0239794143,1.0,[M-H]-
1239,460.220985343,470.256015,10438454.8794,6.46330109764,10,
1241,460.322063595,468.002886,4905194.03739,5.11467154119,10,
1245,461.245909443,644.09253,3095835.31107,7.73796695158,10,
1246,461.241405063,460.329204,425619769.82,6.49986579597,2.0,[M+Cl]-
1248,462.258143242,594.740598,1418597.12575,14.0261643823,10,
1249,462.757613334,594.740598,662265.714949,5.77882603511,10,
1253,463.975309955,696.01458,13134272.5092,14.1719855167,10,
1254,464.278728261,402.080181,1914751.91165,7.08391125496,10,
1255,465.235917463,468.203088,33667726.3918,14.477801744,10,
1256,465.2475166,632.73246,6774733.61748,9.70017641494,10,
1257,465.933626422,696.78246,29043200.1532,11.3335116007,10,
1258,466.107835598,859.6491,3335913.41599,12.0566559739,10,
1259,466.128782513,814.93545,10134109.5049,13.1629212774,10,
1261,466.294283018,400.730877,618004.969896,9.5121548063,10,
1262,467.178294864,62.85882,90742941.0913,14.7696622843,10,
1263,468.024665358,89.19333,2496117.02147,9.39731468292,10,
1264,468.209943687,70.130079,107598689.488,4.77086629908,10,
1265,468.319901008,702.021,6916799.91966,10.349513358,10,
1266,469.030747399,844.5513,7711721.23902,3.9785685638,10,
1268,469.2869144,537.109941,10870382.1814,4.55026596013,10,
1269,470.033386101,771.29493,86895455.8006,14.4204897385,10,
1271,470.225481978,69.195945,142254476.73,3.68665914241,10,
1273,471.173115686,101.618163,13434622.7002,4.43591534225,10,
1278,472.278424342,530.976687,16147529.8585,11.8948798872,10,
1279,473.074547855,812.30322,58658436.8915,8.64981670636,10,
1281,473.181632566,105.613728,371651.477071,10.3461996268,10,
1283,473.217447121,547.44606,1774955.54043,7.36674513882,10,
1284,473.226217405,61.724757,153406946.896,7.55706071359,10,
1286,474.184049182,103.706358,475818.22239,8.00944770122,10,
1287,474.258052595,368.481966,1049668.70841,1.59916338697,10,
1288,474.26339234,404.906922,40798215.3,6.2433508983,1.0,[M-H]-
1289,474.263504596,381.292989,7221727.66026,6.85180199283,10,
1290,475.206091586,453.584079,5587413.76607,6.67574962582,10,
1291,475.240944846,61.724757,412072233.467,5.14942599683,10,
1294,476.215795821,638.50917,8739993.36521,4.87174595951,10,
1753,648.250431044,613.6356,2799903.78134,5.2196107277,2.0,[M+Cl]-
1296,476.252162993,475.989957,10412333.5246,10.4170350377,10,
1297,476.27914294,400.995732,33531774.5016,3.6723563088,10,
1299,477.042462946,976.03359,53000957.7721,4.15911146584,10,
1300,477.089462164,102.032706,855440.447539,10.7735654549,10,
1301,477.173411465,616.4085,10248874.9232,5.12126835222,10,
1302,477.210671051,567.507138,3965201.33365,4.56318743926,10,
1303,477.255684661,476.099022,2510768.10411,10.4404174961,10,
1641,587.357790092,550.168002,1469439.85578,9.01520390069,1.0,[M-H]-
1305,478.176572045,616.2453,2023067.2587,5.69121432865,10,
1306,478.24888986,102.5571,1475705.96668,8.27703686932,10,
1307,478.294902862,397.959864,27579276.8509,6.29991110931,10,
1451,521.028482023,100.049967,98099374.8472,7.56755976978,1.0,[M-H]-
1689,611.295452001,101.93097,3118551.24106,12.7140699715,2.0,[M+Cl]-
1310,479.29938534,542.969454,3525766.2538,1.66782169234,10,
1311,479.970500868,834.28746,870937.898999,5.62377163478,10,
1316,482.081982667,859.80543,3140867.82133,10.5181261474,10,
1317,482.225661532,68.77938,68166100.742,4.55700317173,10,
1319,482.349893336,411.71355,799355.429574,6.5131668331,10,
1320,483.134444541,842.53446,2492816.02244,14.849452089,10,
1322,483.209911778,78.435102,122293813.405,11.6998449216,10,
1324,483.353014205,411.721323,226842.317922,7.01381457601,10,
1325,484.241307025,69.610554,41013204.4968,3.33155541583,10,
1326,484.365440163,408.713826,1615085.2776,3.19067420024,10,
1327,485.003888126,823.83693,514835170.868,5.59977397562,2.0,[M+Cl]-
1328,485.003873596,769.8369,541907813.039,6.79349004593,10,
1329,485.054232985,123.37908,887789.425698,12.8496786488,10,
1540,555.220736565,103.600956,7231159.32002,14.2117356967,1.0,[M-H]-
1332,485.36869967,408.936852,469054.787805,4.34767591953,10,
1797,671.198030039,860.31453,12062881.2084,9.72902048306,2.0,[M+Cl]-
1336,486.228608111,61.515678,145567515.568,2.01474627591,10,
1339,487.24111281,61.305831,702629350.776,7.74161865236,10,
1340,487.260835839,678.58869,14678876.902,4.79789047846,10,
1342,488.198481001,447.094461,3379823.37634,6.19899761562,10,
1344,488.250438124,710.70432,38654070.373,10.0638241227,10,
1345,488.252122117,367.209648,13392067.0725,14.2069855288,10,
1346,488.263734222,679.4037,2238048.32315,2.42567537378,10,
1347,488.75196774,710.86494,20739144.3974,5.7722498428,10,
1348,489.137894381,177.8319,14283806.3409,14.2143931547,10,
1351,489.25328449,711.02577,6414482.85702,6.90695642003,10,
1352,489.940057235,776.53182,1443940.27347,12.4442164294,10,
1353,490.082771032,860.28846,1392160.01222,9.52623652052,10,
1355,490.227587268,749.05845,21467905.5708,12.2461347891,10,
1356,490.267926715,462.4212,1845777.4299,8.9923763652,10,
1588,570.326630901,550.965753,37037943.3142,6.71391078043,1.0,[M-H]-
1358,490.915591621,834.13002,470060.880775,4.86212022022,10,
1359,491.142002425,102.870654,2151632.41532,11.0613484075,10,
1360,491.211717308,707.7504,13739922.4986,6.30348749081,10,
1361,491.22615755,539.054511,3049010.66477,5.90170665211,10,
1362,491.252098355,496.028415,8935302.84629,3.78782200088,10,
1364,492.215280841,707.54964,3207758.60827,12.611456263,10,
1365,492.223821969,594.241344,1729828.27294,6.3971462761,10,
1366,492.257283958,493.513347,5127511.79958,4.85247591334,10,
1367,492.34697872,399.46125,573498.880976,6.74713049199,10,
1369,493.315309938,482.402532,333420.704089,5.70139705011,10,
1370,494.1289531,916.45287,1929525.6661,7.76233500962,10,
1371,494.225817771,68.312514,102057312.06,1.73078354631,10,
1372,494.299221439,551.764755,15323844.43,7.05687802276,10,
1373,495.184019672,581.162508,1151406.44619,6.71949099724,10,
1374,495.19309133,508.912062,1077799.26869,1.91066698411,10,
1376,496.097758278,859.96566,19412549.2659,11.9293399874,10,
1377,496.205411201,579.689079,1610126.35553,5.44431340581,10,
1690,612.047774672,102.764226,3734449.26063,7.73086565465,1.0,[M-H]-
1381,497.225604909,60.271887,332066713.822,9.27813884319,10,
1383,498.184144499,581.955333,2562975.72836,3.90979730558,10,
1384,498.263627696,394.902438,4493186.82376,5.70904646702,10,
1385,498.277145617,681.01674,2299076.20518,4.72302617907,10,
1387,499.216533894,619.99461,3349332.31322,4.58948647072,10,
1389,499.301176105,836.91966,1219888.32199,11.9787528128,10,
1391,500.215687796,508.327785,6061162.36649,4.58017689551,10,
1392,500.279570871,390.741192,4700243.26865,5.21900857325,10,
1393,501.211357299,584.426196,2596559.08167,8.09820548438,10,
1395,501.29378615,552.714312,2964891.87667,12.5859919365,10,
1397,502.206434959,615.26592,2121827.48287,2.81172733436,10,
1398,502.231851178,479.613525,11591733.8232,8.03116894789,10,
1404,503.939449805,833.64384,395164.672387,4.97625739113,10,
1405,503.955954791,777.41604,2764857.07928,9.77600257176,10,
1406,504.19659395,544.67856,1398661.99678,6.75076517545,10,
1407,504.243530873,679.17948,5792736.64361,5.62336766279,10,
1409,504.247385143,551.970816,23758881.8356,4.54956246948,10,
1411,505.170843602,61.930194,170194593.964,12.2765961781,10,
1412,505.171049815,78.223086,51589263.0431,9.03015753785,10,
1413,505.234586996,586.673448,921554.352404,4.0109850121,10,
1414,506.209986413,572.747958,1447675.48882,13.2057276437,10,
1415,506.23862287,679.4037,5554397.3768,7.35419109312,10,
1416,506.262563908,695.20839,1561864.36504,7.79008753891,10,
1417,506.262568792,488.477178,5200468.84921,5.75984704204,10,
1418,506.324369508,449.037522,586581.324048,7.21747472873,10,
1491,536.751019355,678.09714,3399850.47666,7.80346609467,1.0,[M-H]-
1422,507.173232159,102.397389,6778717.38599,9.72063645326,10,
1423,507.22816504,710.70432,20950138.3678,1.74963677233,10,
1424,507.266104319,489.004227,1359971.34268,3.33351757902,10,
1427,508.841603746,778.53744,2970494.66255,9.64966349779,10,
1429,509.213764092,458.549208,2131180.7186,10.6056208503,10,
1430,509.226036954,490.878408,1443815.33477,2.22152102367,10,
1431,510.220990956,574.024962,9256800.2985,4.78574578442,10,
1434,512.215047474,462.256152,2389571.8221,9.46116885662,10,
1435,512.309775061,480.739296,2126858.03597,7.98986545746,10,
1436,513.220159913,64.420893,67230677.9655,6.5267541169,10,
1437,514.185941496,103.180848,760737.863489,8.41317513285,10,
1439,516.152100511,963.78885,2876178.41184,10.1929921502,10,
1440,517.142217474,876.62736,9636540.39752,9.894128546,10,
1441,517.234335299,55.3927146,2240930.79108,9.84896025695,10,
1443,517.263256037,607.6302,13107440.8586,2.70018440652,10,
1445,518.237995055,54.8697489,357623.523463,11.7507092863,10,
1629,584.940691858,831.72762,7246104.13937,10.1396896294,2.0,[M+Cl]-
1447,520.2208863,454.197708,2862146.32925,6.73802497892,10,
1448,520.22447458,502.920171,1189721.91333,5.4984028686,10,
1450,520.908398739,833.96871,358008.44032,6.98373501623,10,
1453,521.226256022,186.063504,19808966.8139,14.1304953402,10,
1458,522.160458905,878.19171,3460969.64536,7.84910560516,10,
1643,588.886958503,778.85208,24700691.9401,13.6664048437,2.0,[M+Cl]-
1461,524.30976405,533.002494,21099656.8162,2.97263584368,10,
1464,525.304958479,506.414766,2617300.67417,2.81747119936,10,
1466,526.325614222,472.032588,4224338.52925,7.66360680927,10,
1467,526.756162589,835.27383,1024630.29966,14.7702244581,10,
1469,527.26345268,538.3662,5159942.17221,4.61933020771,10,
1470,527.320632222,454.547886,24385061.2448,13.131003398,10,
1471,528.201743328,102.657954,636584.980636,13.2976046173,10,
1473,528.958382274,780.89604,132736276.938,12.2899586428,10,
1474,529.179135159,103.180848,1657210.46289,11.739041373,10,
1475,529.278905384,446.95395,4158927.64639,8.26472121547,10,
1477,530.916747519,778.69461,12023168.0581,3.84756604485,10,
1478,531.258311064,565.104687,22321158.7662,2.55511991109,10,
1479,532.189235043,577.22121,6474700.86626,9.42104953334,10,
1480,532.216992468,602.79471,5071206.64632,6.19823454747,10,
1482,532.227703337,522.27051,1172113.3554,2.89031100874,10,
1483,532.238402085,772.99485,2822786.43806,13.4486142664,10,
1484,532.926344443,833.32476,10052800.5007,3.31465654142,10,
1486,533.930572804,833.96568,1105561.68096,2.71513402646,10,
1487,535.155013724,300.765261,98812755.3517,8.02161574582,1.0,[M-H]-
1488,535.92778031,833.64384,217518.270204,12.80506901,10,
1489,536.130004562,598.918959,5583671.60342,10.7025810079,10,
1490,536.249583738,679.07475,6431453.17256,10.1101137643,10,
1492,537.133530229,599.020599,969005.492864,10.4370993415,10,
1493,537.214701739,532.532814,1263572.41227,8.59604031091,10,
1494,537.239121526,711.02559,9142314.96237,3.98786929243,10,
1495,537.251255613,679.3347,1389792.40044,3.28100069136,10,
1497,538.152895894,80.929218,12261719.3552,7.77999930387,10,
1498,538.189628779,117.205092,1500461.22284,11.5985074806,10,
1737,637.317847175,597.889845,2650162.62809,1.94189637734,1.0,[M-H]-
1500,539.225048369,694.31265,1821621.35961,7.77422583073,10,
532,287.136567189,618.85581,34889789.5013,4.47956772559,2.0,[M+Cl]-
1504,540.342823704,447.4494,695498.520397,1.92829183741,10,
1505,541.215478537,102.398016,1071362.48448,11.3469387862,10,
1506,542.238355445,549.050937,2419909.79627,3.48001751963,10,
1507,542.320814314,512.713368,9700267.90783,4.77365348651,10,
1508,543.324319141,511.73592,1695566.17847,11.2533663804,10,
1510,544.932494826,778.5372,89219892.8464,4.35366206175,10,
1511,545.220061652,492.342792,7048451.21542,6.31037262704,10,
1512,545.295078467,549.417438,38288553.3036,7.07935246104,10,
1513,545.935789706,779.3643,10178194.8746,5.41630218049,10,
1514,546.223566104,492.390912,1906583.19253,5.48665708876,10,
1603,574.307602782,96.339795,2347676.86102,9.05946635387,1.0,[M-H]-
1517,546.891709318,776.84718,3404234.9136,14.2121240063,10,
1518,547.289431488,484.751034,1767158.32225,3.97179357269,10,
1519,548.211001987,627.83565,4007917.39458,6.06489438557,10,
1521,548.284913329,631.74714,661231.559695,9.50461687486,10,
1523,548.977347211,776.84718,7369676.42298,7.54768597206,10,
1525,549.214337463,627.99945,909452.346329,6.16933381605,10,
1526,550.235169854,499.566219,349721.868385,4.33087057007,10,
1527,551.160587001,566.38545,574979.686227,13.8074805004,10,
1528,551.752604665,711.0219,3150923.76564,11.427125174,10,
1529,552.036756643,793.41246,209660099.736,14.784815174,10,
1530,552.320081014,489.715416,114820.857353,11.5582861909,10,
1816,683.405686323,452.592717,1311346.26262,14.6584317729,1.0,[M-H]-
1571,567.007200892,770.48415,417610932.011,13.3572535688,1.0,[M-H]-
1534,553.00286117,88.923468,948586.420218,9.65460625881,10,
1535,553.227665326,636.53979,2256120.92097,13.7874275138,10,
1536,554.263076247,436.18701,2281706.63265,6.84476888876,10,
1537,554.302447671,104.975988,220976.185403,13.3971392913,10,
1538,554.320721862,489.004227,240848.208772,14.9652576777,10,
1539,555.077952638,798.91698,146201050.439,14.6638967875,10,
1541,555.221671028,531.135243,2764515.17629,8.38833425841,10,
1542,555.352258722,693.82758,42859307.8415,2.54250649982,10,
1543,556.061680474,721.78026,7475276.05473,14.5492860864,1.0,[M-H]-
1546,558.735683693,595.045842,9214986.95356,6.37768588524,10,
1549,559.737229703,595.225524,2226587.2325,6.3429052216,10,
1551,560.252762579,594.740598,3514311.45328,10.2087626521,10,
1702,618.311614217,604.08429,56440977.5704,4.84552499209,1.0,[M-H]-
1553,561.218032451,629.80098,6878975.29839,5.95229162681,10,
1554,561.272799872,627.52458,2359649.34926,7.3177102943,10,
1555,561.37066026,466.721016,1368181.63273,5.24994748867,10,
1556,562.127063469,859.51908,3023002.72069,14.7022433076,10,
1557,562.14680043,102.345186,816258.050435,1.49229992087,10,
1559,562.315985126,453.41097,33070384.8882,4.50043725387,10,
1677,605.210404482,101.772027,5489985.38573,12.0733079553,1.0,[M-H]-
1562,564.867380355,834.2958,485842.03801,1.82823163512,10,
1563,565.033129173,103.337901,941378.502246,9.89166341307,2.0,[M+Cl]-
1564,565.11873773,871.14744,12424014.7837,9.5391359458,10,
1565,565.227552029,628.509,3707622.03599,6.83102634362,10,
1567,565.367214235,97.014948,1395998.01548,8.8247259619,10,
1569,566.230814867,628.47288,950612.722188,7.87953320465,10,
1570,567.007100533,793.15032,824410243.381,11.3054384295,1.0,[M-H]-
1788,664.984745149,824.46549,124545829.361,6.07879856002,1.0,[M-H]-
1789,664.984706805,767.05023,171133029.544,12.1585503084,2.0,[M+Cl]-
1794,667.284114735,101.829234,508560.615428,4.50013368878,1.0,[M-H]-
1580,568.310938883,576.317208,34632144.4647,5.34517367824,10,
1581,568.893239643,833.80782,310209.424111,9.08847714512,10,
1584,569.247374689,102.657954,982204.769184,8.28597567255,10,
1585,569.368074993,654.54786,171869815.475,9.68386893008,10,
1586,570.285214044,100.049838,5669492.26493,11.0201143532,10,
1587,570.316461957,576.604068,1645149.89259,2.02384659819,10,
1591,571.052155464,763.89867,85927031.6335,13.3398119574,10,
1595,571.477369567,55.806846,8648046.65722,9.42593034287,10,
1597,572.284138969,489.7146,1389606.20469,4.1288263092,10,
1598,572.284984323,517.636524,1872489.78934,3.00492961644,10,
1605,575.267537366,579.822324,1283700.06912,3.38327702901,10,
1607,577.199734472,739.96416,8801225.91581,5.35760164266,10,
1609,577.947321673,834.13002,226568.656511,13.6589977165,10,
1611,578.254143728,97.641822,1917858.26723,11.5427984012,10,
1612,578.266785701,440.53164,1860478.1657,8.65127367206,10,
1614,579.102257388,571.556952,670365.161924,2.63073274859,10,
1616,580.313636568,104.449278,973878.308754,10.5846293051,10,
1617,580.347443226,538.973259,1728378.10057,3.65393556186,10,
1618,580.397903415,449.692389,1119347.05469,9.31646204559,10,
1619,581.298842321,90.476706,1411369.38505,12.4654438103,10,
1620,581.402354837,449.388057,325322.03526,12.7206268236,10,
1621,582.249709801,102.450219,1399904.85748,14.5202441855,10,
1622,582.290446644,574.718757,3180216.43229,4.46283165352,10,
1964,813.016982519,821.63454,154840938.602,12.9437691088,2.0,[M+Cl]-
1625,583.262894361,102.553773,6819704.62284,13.5919861601,10,
1626,583.298539808,97.227024,4289711.32813,12.3071718626,10,
1631,585.344675662,1864.85742,503388.56157,8.81917183407,10,
1632,585.983626641,825.4047,3772399.34076,7.42988626567,10,
1633,586.300408705,460.161525,2421251.63678,5.52541460043,10,
1634,586.848783611,834.45294,366912.989813,14.6407341834,2.0,[M+Cl]-
1635,587.267635629,598.596093,8095804.59812,8.58039879558,10,
1636,587.275378914,100.992096,2401083.00126,14.114677587,10,
1637,587.295352741,617.55192,1336526.95614,6.32231605324,10,
1638,587.303377992,460.154397,648426.314733,5.90229064556,10,
1639,587.305601592,571.791714,3208492.68048,4.55447798643,10,
1640,587.325104767,585.705576,1070844.74093,9.18214925299,10,
1642,588.449506134,408.683172,386451.218715,2.66252638813,10,
1644,589.074011267,89.19333,1506016.37637,8.62977943506,10,
1645,589.29153607,103.815345,1564958.3173,8.75125572284,10,
1646,589.975421376,83.119092,746294.6063,6.99641318748,10,
1647,590.280740774,648.69222,8778919.86421,5.68297273612,10,
1648,590.886917156,833.64996,355658.639815,11.4262775843,10,
1843,706.079276658,102.397389,1180906.89906,12.6150436837,1.0,[M-H]-
1650,591.239270668,858.88107,2960646.41758,13.3699586909,10,
1651,591.350774782,448.729014,221327.484015,14.7877743945,10,
1653,592.125496995,102.40029,2974692.13528,12.6309082184,10,
1824,690.237013496,707.13981,987234.603812,11.4187386553,1.0,[M-H]-
1655,592.7525167,836.24856,722202.92941,13.4465630502,10,
1656,593.11411687,301.720188,27540471.7202,11.8206677304,10,
1658,593.253966549,836.24856,423536.404205,7.35974668249,10,
1660,596.39477097,438.857658,698887.160669,10.1479785203,10,
1661,597.267054471,485.059656,382352.153799,13.6627569268,10,
1662,597.278915713,102.241014,1760754.28151,13.2938273595,10,
1663,597.301710642,649.12569,5995950.64958,8.56101007874,10,
1665,598.253853412,531.138063,1292453.12628,11.2363610416,10,
1667,599.321024095,459.99396,3990840.9464,5.05156298849,10,
1669,602.295722962,579.528081,26521674.8313,3.02606705525,10,
1670,603.254857323,614.93874,5091975.63729,6.72479839934,10,
1671,604.254443763,615.10038,994268.875349,9.98471758184,10,
1672,604.311112468,804.86955,18338244.9975,12.1179724425,10,
1673,604.311621414,833.00568,7975122.65297,7.51501048652,10,
1706,619.192934512,101.459022,1753294.69608,4.58330485689,1.0,[M-H]-
1678,605.246210729,102.138354,822091.375191,11.9177207978,10,
1679,605.269943278,595.675734,1428240.38401,7.78473437884,10,
1680,606.254258501,582.76296,55052306.9857,6.28797321781,10,
1682,607.226063265,102.5571,41423087.2158,14.9542901917,10,
1687,610.358284094,497.709183,1591684.27713,9.20391264473,10,
1688,610.961657049,781.52418,93670877.5833,14.4718107462,10,
1691,612.331226024,443.99259,158455.184595,10.974869339,10,
1692,614.045116257,103.023723,1769609.19222,11.0520035001,10,
1693,614.27992835,597.949779,3945220.56541,14.6911651975,10,
1694,614.299078463,580.46784,958045.4235,8.07685782826,10,
1695,614.2991624,693.86862,3562006.06213,7.77782604803,10,
1696,614.353177017,481.873332,931070.210209,11.3554500647,10,
1697,614.929428586,832.36428,11938328.315,5.86204300053,10,
1698,614.929423169,740.15985,60958659.0135,6.49038614182,10,
1899,738.34296124,680.04756,1049074.68473,10.0438432768,2.0,[M+Cl]-
1701,617.314957053,547.861875,13550983.2359,10.479555794,10,
1703,618.317719254,547.72407,2631020.8876,9.88884737665,10,
1704,618.335269043,432.069774,846345.144531,5.1870805811,10,
1705,618.973795562,834.28746,313033.19052,1.99847783775,10,
1708,620.194390525,101.406828,590916.509884,13.9294505759,10,
1709,620.252413569,498.886791,396504.366694,10.1400589331,10,
1711,621.250144217,875.85498,708737.463157,13.0481688614,10,
1712,621.269463038,524.264562,692474.205394,13.293461318,10,
1713,621.322457714,597.937332,3418648.93402,14.3415651841,10,
1714,624.223334118,102.5571,4649080.78936,11.8645371274,10,
1715,624.373768891,570.835464,1851808.9305,3.11288393947,10,
1717,626.266389798,457.724526,1386617.61519,7.36111258765,10,
1868,724.913010542,778.0389,21481980.7727,12.216656123,1.0,[M-H]-
1719,627.04744433,100.831587,76995954.2582,6.65922700466,10,
1720,627.275795035,657.85611,17045902.2493,5.01956701815,10,
1721,628.048716821,100.779084,27027253.5343,5.83093975865,10,
1723,628.311333137,532.908879,2928698.97179,4.791094368,10,
1725,629.247257288,102.345186,1158193.57454,6.46505260046,10,
1727,629.342967337,709.09464,3575910.82334,1.40839787838,10,
1728,630.326548888,576.065292,1792534.67032,4.88601188539,10,
1729,630.9034414,733.95351,48138403.6465,14.5280161309,10,
1730,631.285862276,653.56917,2272722.85188,2.76246730648,10,
1731,631.806567639,630.40005,1039253.24379,14.5683981326,10,
1732,632.253052591,405.049374,449168.490865,6.63431980924,10,
1733,632.327601627,611.1945,1678221.48872,13.0268858434,10,
1734,633.363313818,430.38624,294689.478103,12.4572429027,10,
1736,636.283821697,624.07371,693645.186304,9.60539641328,10,
1738,638.280299991,606.5061,3584997.05017,7.14126279365,10,
1740,639.348415041,553.098324,5118553.29128,4.80287373877,10,
1741,640.347706541,454.530957,1777782.3265,5.39960632712,10,
1786,664.445008207,106.8993,1556001.77069,9.51654163084,1.0,[M+H3CCOOH]-
1743,641.208378915,860.15745,3654507.75053,14.0394085426,10,
1744,641.350617286,454.519164,548691.039166,3.44057903875,10,
1745,643.285813663,559.712658,833410.545467,7.80531934867,10,
1746,643.32881947,516.630426,605086.468411,9.01868538284,10,
1747,643.343282954,600.52146,12021244.181,5.05010500821,10,
1748,644.148355243,572.311152,2961495.34243,13.8677299574,10,
1749,644.346385072,600.6957,3551036.93327,5.8957633479,10,
1750,645.25325517,860.12844,1097926.70419,13.6500337952,10,
1751,645.322984553,690.68139,1745860.11696,5.94315974658,10,
1752,645.389614061,455.814642,288916.396426,6.74769556643,10,
1754,648.261159223,881.52909,7640953.47413,9.90000625486,10,
1756,649.353510267,549.832446,153318.523085,13.2957832111,10,
1757,650.014024636,770.32683,46024200.244,11.2841147896,10,
1758,650.013973526,794.12046,116816430.211,11.2922503446,10,
1759,651.275706024,601.5027,8926614.73241,3.90431817082,10,
1872,726.312101275,538.123446,835103.455031,5.71335265034,1.0,[M-H]-
1762,652.29156355,102.657954,789118.920968,13.0527527871,10,
1763,653.055792134,823.52271,7747065.84607,3.42153439121,10,
1764,653.358729696,458.063016,1694163.90189,9.6404963644,10,
1766,654.315694411,460.784589,21043763.5412,7.31994490092,10,
1767,655.224048342,860.15466,20855370.0354,14.5882586037,10,
1769,655.374193663,456.13551,792156.081344,6.34245942631,10,
1774,658.159675197,105.823824,138160.6653,11.2248844981,10,
1775,658.36224962,587.605338,1830652.66333,13.8107334892,10,
1776,659.283974694,615.59211,1768276.27316,6.39587754166,10,
1777,659.405630628,453.73278,2176396.59064,11.0145219931,10,
1778,660.286908461,616.08198,456960.65975,6.20937861702,10,
1779,660.408611429,453.571962,741049.021493,13.6646447086,10,
1780,661.073017746,783.70305,18694409.8521,5.07345440405,10,
1781,661.358382265,492.181095,779762.659817,4.35415111587,10,
1782,661.415561056,504.714558,247639.208238,9.81518515536,10,
1783,662.316779374,578.855952,7546210.13119,4.95629291207,10,
1784,662.32841294,728.03406,2594888.85473,13.9619072017,10,
1785,663.319557958,578.855952,2564826.31818,6.35376840141,10,
1787,664.789146202,778.3797,3947877.71461,14.2010015345,10,
1790,665.448085123,107.214726,578963.999546,13.3251182366,10,
1791,666.219984274,912.07053,3810621.63747,11.8293849733,10,
1942,778.935756075,830.61495,9595334.44187,2.68897564438,2.0,[M+Cl]-
1793,667.063334099,55.3920027,5241762.4659,13.6370917152,10,
1795,668.852351328,833.80737,423235.046531,6.30448349406,10,
1796,670.244885308,572.788956,1953017.8528,11.8556039116,10,
1799,672.373956979,462.581574,1296128.58431,10.2662854425,10,
1800,673.237063049,494.854056,1201894.44127,8.68088632279,2.0,[M+Cl]-
1801,674.05160172,88.923468,1786592.0999,8.41244880402,10,
1802,674.396994739,438.175902,157912.472813,8.52241799418,10,
1804,675.348356696,740.19516,3137198.32866,10.6104794865,10,
1805,676.762288501,861.16146,1439461.1821,7.43726160112,10,
1806,679.195321144,930.17487,140000563.477,11.4894896366,10,
1808,680.338814343,687.76812,7539167.25328,3.708198073,10,
1809,680.958486214,827.77056,41180418.414,3.67764752872,10,
1811,681.359163384,667.54266,1882066.28888,7.08002526353,10,
1812,681.38973187,454.053966,2475320.59812,12.3042271992,10,
1815,682.392794273,454.197708,905491.508597,13.2995566656,10,
2023,879.436294357,475.445643,868165.596678,10.7560236861,2.0,[M+Cl]-
1818,686.723081079,1050.91056,9669096.96216,14.2925089792,10,
1819,686.863850445,778.5372,16997048.0209,8.01479030886,1.0,[M-H]-
1821,688.944809787,825.56655,3908268.47002,7.14688727234,10,
1822,689.349170202,632.75511,1807319.12273,5.4401175684,10,
1823,690.025656408,88.923468,1380132.4112,10.7365510071,10,
1825,690.32695933,448.071015,3998845.01309,8.7833400544,10,
1826,690.424041366,110.394528,865614.476124,8.20035116416,10,
1828,691.328630781,661.86048,2928920.45607,2.27412387879,10,
1829,691.35145119,487.675656,1258826.7412,12.2372528548,10,
1830,692.327464432,601.01829,6528848.74648,4.61814980891,10,
1847,711.25576884,99.628854,2101203.75069,8.65438718843,1.0,[M-H]-
1832,693.309237196,536.786253,1954317.49492,4.78885025145,10,
1834,694.311971482,537.152448,373602.147878,4.49890161364,10,
1835,696.932607024,831.40815,11113290.8275,8.51405646137,2.0,[M+Cl]-
1836,698.172679874,76.771698,34690140.8662,7.73865786319,10,
1837,698.313344645,669.4143,3311668.81691,4.73494535149,10,
1838,698.931104729,831.72762,3335920.38684,9.61507096023,10,
1840,701.192931965,911.42172,2247057.52871,14.076793996,10,
1841,703.364685787,621.29871,3568937.02337,7.20370273883,10,
1842,705.384447518,425.782125,2852058.0521,6.45118964938,10,
1845,708.337700885,445.474026,1250602.79226,14.8197357471,10,
1846,710.123127798,89.19333,1959554.70986,6.61470806756,10,
1848,711.337452568,517.010724,7878718.60422,4.4425631733,10,
1849,712.405471862,483.534153,962937.271107,1.53144760512,10,
1851,715.325975455,482.264217,1544015.34037,2.16929095888,10,
1852,716.043239383,772.6713,26813913.9483,10.8741106908,10,
1854,716.359584085,717.36126,1842329.16932,9.00476763657,10,
1855,716.997794147,793.7448,76002173.1551,2.49772686379,10,
1857,718.37592245,936.10233,2501789.2012,5.2160646515,10,
1858,718.416052619,445.126032,1517282.60025,7.73264636539,10,
1859,719.418917,445.147908,576635.993252,8.98656030277,10,
1860,719.535869544,402.750747,562554.846552,6.04103272559,10,
1861,720.380080299,593.596782,1656923.89457,5.34236705533,10,
1862,720.538328946,402.29259,192507.999897,8.04872847444,10,
1863,721.426612787,545.024742,1297162.99298,5.93986642079,10,
1864,722.44723756,505.491294,274595.52116,5.66551062098,10,
1865,723.419870291,451.012134,785424.978482,9.65160582815,10,
1866,724.369112359,615.26523,6524813.17795,10.3361098377,10,
1867,724.43199347,449.075637,1457083.17028,13.7820769381,10,
1869,725.253056235,657.69282,1058942.81489,14.8655048167,10,
1870,725.372574939,615.96462,2694358.10478,7.12939338141,10,
1873,726.384551919,455.979405,3855612.21135,9.11534833565,10,
1875,726.41668778,586.93083,1130732.8184,4.71524593621,10,
1876,726.446558656,448.079514,366307.84547,9.1812235705,10,
1878,727.400898686,560.917389,3078111.42699,2.7001185352,10,
1880,728.404085357,560.978493,1099462.07341,7.56941873487,10,
1881,728.877859225,833.48568,986740.724765,5.48797287509,2.0,[M+Cl]-
1882,730.318403876,672.26862,1556421.76771,5.07205108314,10,
1885,731.28199776,101.825163,732182.433913,12.6100612183,10,
1886,734.478085918,174.325008,8837704.99043,3.08862631126,10,
1889,735.185573766,101.197836,775750.698594,9.30422306825,10,
1890,736.139192492,55.1841309,6256389.13567,14.9501460044,10,
1891,736.493627777,172.864551,15420935.5166,10.403586473,10,
1892,737.016774845,826.0428,1930009.29117,14.0546245429,10,
1894,737.237545327,1071.80721,55003902.5148,12.8634357914,10,
1895,737.237288474,1052.99574,14843197.7602,14.1569328269,10,
1896,737.421722102,544.056321,4070166.11537,5.04062596449,10,
1955,808.220986406,54.3896883,134907.800668,14.1234187824,1.0,[M-H]-
1900,738.424812329,544.400679,1573293.44115,4.29956002252,10,
1901,743.278751654,479.224089,579790.400314,9.12170769113,10,
1902,743.370169492,621.30558,640193.133749,10.060445591,10,
1903,744.333662469,575.501829,3744896.05718,9.74415498487,10,
1904,744.848598734,833.97246,232710.819597,7.61266877201,10,
1907,746.988012189,769.10028,94276003.3332,8.58420814524,10,
1908,747.793782105,880.47258,3142729.9602,8.24787694,10,
1909,748.946060029,826.67172,5257901.15475,1.7478453483,10,
1910,749.201126209,100.890996,652762.628858,14.4280855782,10,
1911,751.033125681,826.98225,2445478.26556,13.1004119067,10,
1912,751.411932196,544.379313,2155961.86785,5.02949252225,10,
1913,752.016170534,721.88115,1985179.91043,3.77411074812,1.0,[M-H]-
1915,754.204148387,860.12844,1210856.07906,10.4609067706,10,
1916,755.281182034,101.618163,5632450.38999,10.8967096159,10,
1917,757.295519753,101.719584,2224581.77101,4.96640366303,10,
1918,760.240317924,1071.67656,4664061.16956,14.3430149098,10,
1919,760.364774247,537.311136,3159099.51833,4.36732604914,10,
2015,859.174962721,929.96523,892381.140189,9.12834579082,2.0,[M+Cl]-
1922,762.344451753,623.74653,1391554.16219,14.545101073,10,
2013,852.952637424,825.4047,2717568.62651,5.2754846629,2.0,[M+Cl]-
1924,763.346604947,624.22596,557352.167272,9.57893217492,10,
1925,763.36081692,656.89104,1619096.48801,11.4651275609,10,
1928,765.32251984,542.411706,2274144.08451,4.83121316062,10,
1929,767.24831707,1071.80721,20183925.0945,13.4608646902,10,
1930,767.370963612,705.0459,8423146.98238,4.52962458875,10,
1931,767.468881277,837.72696,1766510.09737,7.76617292155,10,
1932,767.749982702,1071.80721,12559481.2328,10.9743905041,10,
1933,768.251218936,1071.80721,5901896.26765,12.5583467988,10,
1934,768.373916585,704.9709,3188614.11732,3.30605066468,10,
1997,835.20457053,860.12844,1405369.78532,7.2529188006,2.0,[M+Cl]-
1937,769.42696712,523.833126,2673701.81074,5.91193210693,10,
1939,770.422181882,700.49325,2861686.34566,2.43044517365,10,
1944,783.427176134,573.049341,4067020.75963,5.01386389924,10,
1947,793.390898167,511.994424,1309121.02091,2.57594027786,10,
1948,795.100595336,88.923468,2595905.25451,8.81994526422,10,
1949,797.043048041,772.35618,45459955.4567,12.5033065335,10,
1950,798.417104329,521.959296,841445.842379,8.88527293299,10,
1951,799.252580214,97.641822,1280862.4955,7.76092563362,10,
1952,799.379358351,604.56858,2046410.58771,4.11283588259,10,
1954,802.448648928,695.44539,5583353.00811,3.87395904065,10,
1956,808.515161866,314.7717,19352697.9436,10.4610358425,10,
1957,809.385813488,505.625037,12452830.9911,6.22565779493,10,
1958,810.389004215,505.94523,5601088.04091,6.55636666203,10,
1959,810.530324009,310.158495,20397861.5309,13.5269027057,10,
1960,810.881396152,832.68492,653891.541528,7.93150295361,10,
1961,811.238161112,916.23369,21552010.6277,11.6060293318,10,
1962,811.391670981,505.625037,1486320.2599,4.09511591415,10,
1963,812.393521021,505.826304,283382.772806,6.76700169876,10,
1965,813.243557643,916.23369,2085214.03766,13.6802032351,10,
1967,814.020540924,771.4299,15646559.4164,2.46638898357,10,
1969,815.178884063,72.35883,282700115.318,5.11588058768,1.0,[M-H]-
1972,817.644690233,419.499852,123013.32153,9.29164227372,10,
2010,848.275172823,1086.7995,10911083.5297,5.05655196159,1.0,[M-H]-
1975,819.65532906,54.765564,273212.301997,5.85373261927,10,
1977,826.017584848,818.3481,26319688.9104,11.6196275701,10,
1979,826.851488662,833.96568,210007.625176,9.27566486929,10,
1980,827.179461219,72.41103,292977595.601,7.20726304961,10,
1981,827.464709169,620.31558,977983.086947,12.1653814303,10,
1983,828.449363881,584.705019,1712951.15683,7.78609769232,10,
1984,828.991025213,824.15145,47683351.4677,7.00938671828,1.0,[M-H]-
2039,910.994066075,769.22676,22907935.5173,12.8542770136,1.0,[M-H]-
1987,829.408123119,684.52695,10601283.731,6.02538037338,10,
1989,830.311111963,493.518342,1275918.1008,8.37827875759,10,
1990,830.411160654,684.79716,4111613.76856,5.05116674905,10,
1991,830.94886693,826.67172,3571011.76122,2.12618692848,10,
1994,833.418399931,684.85074,5485974.26269,6.30733353719,1.0,[M-H]-
2047,932.873361415,779.2827,4553555.14696,3.96216261081,2.0,[M+Cl]-
1998,836.546013289,307.920891,26061477.0746,8.37509684302,10,
2000,841.194222928,71.888346,37483356.0653,10.5337310019,10,
2001,841.263846637,98.791578,3913697.43891,10.0353480573,10,
2003,842.442898141,488.299032,235597.826368,6.35656471751,10,
2004,843.202367829,929.84538,921917.828793,9.37107727843,10,
2005,843.210649576,72.305838,39102006.134,6.62589062428,10,
2006,844.964697786,825.09462,19409952.7985,2.72105951487,10,
2008,846.391860707,539.723859,3352020.93326,3.8540345699,10,
2011,850.870222817,779.01597,7737727.48323,6.65155052141,10,
2014,855.264294449,941.61036,718237.865779,10.8101584437,10,
2016,863.39228148,636.21162,1869620.6414,6.97674395529,10,
2018,867.495630459,835.2567,242777.566327,7.97298122255,10,
2020,877.284499972,601.98774,19681880.2494,9.13701828605,10,
2021,878.288136005,600.84462,7502901.50281,8.85718246679,10,
2022,879.046062902,817.72149,407583279.632,12.2954743302,10,
2025,880.454905916,626.64909,3140231.36163,5.72747124592,10,
2026,881.434104462,475.432002,323364.732723,10.3121831526,10,
2028,885.253185292,102.243906,945118.745329,14.2389164174,2.0,[M+Cl]-
2029,892.491708919,666.34929,6091248.55209,13.1158692313,2.0,[M+Cl]-
2031,895.019775182,797.18652,113715243.89,11.9200249794,10,
2032,895.019902122,821.79612,82592906.7174,8.97239408056,10,
2034,896.486471081,689.50719,4779701.5341,4.02949078389,1.0,[M-H]-
2036,903.496471429,701.49963,5118461.43625,5.65963534264,10,
2062,992.040717153,54.8687028,173063.272196,10.5272577856,1.0,[M-H]-
2040,922.502328922,665.99637,7821701.16797,13.8494441122,10,
2042,925.476927643,699.96975,3847354.47438,3.64789350715,10,
2043,926.47965925,699.44502,1776781.95887,4.45326120225,10,
2044,926.968048737,824.93757,10828942.7798,2.07050071791,10,
2045,927.971174316,825.09462,2495484.53186,8.76522888006,10,
2046,928.300674483,860.44722,1531708.00085,13.4984111871,10,
2049,939.374489788,957.13704,1434570.75245,7.37187874732,10,
2050,941.409912503,882.2136,735663.321624,11.8403643866,10,
2051,942.941304526,825.72351,3590779.89143,6.04578363287,10,
2057,968.051616238,788.09928,5653132.55541,14.4345197012,1.0,[M-H]-
2053,961.476670374,696.66033,3173834.70136,6.99464299205,10,
2055,963.197047589,72.51183,23693240.55,8.24106873354,10,
2056,967.081050576,102.243906,3139669.89986,14.4644809223,2.0,[M+Cl]-
2059,973.290649593,963.78885,4590603.6606,13.0298391945,10,
2060,977.022836364,821.32533,25238905.3642,6.43784420002,10,
2061,991.039312672,54.8697489,342216.76822,12.7812635405,10,
